S31508000000A80B0020610200084B200008631F0008A7
S31508000010492000086F090008592B00080000000055
S31508000020000000000000000000000000A101000818
S315080000309509000800000000FD01000831240008A9
S315080000407B020008612300087B0200087B02000887
S315080000507B0200087B020008970900087B0200085B
S315080000607B0200089D090008C10900087B020008F8
S315080000707B020008710900087B0200087B02000861
S315080000807D090008890900087B0200087B02000830
S315080000907B0200087B0200087B0200087B0200083E
S315080000A07B020008792400087B0200086D240008FA
S315080000B0E924000800000000000000007B02000898
S315080000C07B0200087B0200087B0200087B0200080E
S315080000D07B0200087B0200084D2B00087B02000803
S315080000E07B020008E1230008000000000000000071
S315080000F000000000000000000000000000000000F2
S31508000100000000007B020008000000007B020008D7
S315080001100000000000000000F52400080125000882
S315080001207B0200087B0200087B0200087B020008AD
S315080001307B0200080000000000000000000000002C
S315080001407B0200087B0200087B0200080000000012
S315080001507B0200087B0200087B0200087B0200087D
S315080001607B0200087B0200087B02000800000000F2
S315080001707B0200087B020008000000000000000067
S315080001807B0200087B0200087B020008DFF80CD01F
S3150800019000F0BCFB0048004759480008A80B00209F
S315080001A02C4B19680868B0E8F04F80F30988BFF34C
S315080001B06F8F4FF0000080F3118870470000000031
S315080001C008480068006880F308884FF0000080F34C
S315080001D0148862B661B6BFF34F8FBFF36F8F00DF27
S315080001E000BF00BF08ED00E0DFF80C00016841F42D
S315080001F070010160704700BF88ED00E0EFF30980E9
S31508000200BFF36F8F134B1A681EF0100F08BF20ED4F
S31508000210108A20E9F04F106009B44FF0500080F3BF
S315080002201188BFF34F8FBFF36F8F04F0B1FC4FF007
S31508000230000080F3118809BC19680868B0E8F04F17
S315080002401EF0100F08BFB0EC108A80F30988BFF3C0
S315080002506F8F704710000020EFF30580704700008D
S315080002600648804706480047FEE7FEE7FEE7FEE742
S31508000270FEE7FEE7FEE7FEE7FEE7FEE75D24000889
S315080002808D0100082DE9F05F0546002092469B4641
S3150800029088460646814640241BE02846414647468E
S315080002A0224600F054FA53465A46C01A914110D3D2
S315080002B011461846224600F03BFA2D1A67EB01084C
S315080002C04F4622460120002100F032FA17EB0009BA
S315080002D04E41201EA4F10104DFDC484631462A4679
S315080002E04346BDE8F09F40EA01039B0703D009E0B7
S315080002F008C9121F08C0042AFAD203E011F8013B04
S3150800030000F8013B521EF9D27047D2B201E000F85C
S31508000310012B491EFBD270470022F6E710B513469B
S315080003200A4604461946FFF7F0FF204610BD10B5E9
S31508000330002200E0521C835C8C5CA34201D1002B96
S31508000340F8D1D8B2E1B2401A10BD2DE9FE4F804669
S3150800035081EA0300C00F0C46009021F0004123F00B
S315080003600045B8EB0200A94105D240462146904611
S315080003701C460B46024623F00040104347D0270D83
S31508000380C7F30A00C3F30A510290401A01904028A5
S315080003906BDAC3F3130040F4801B0098924620B131
S315080003A00023D2EB030A63EB0B0B01985946C0F105
S315080003B04002504600F0BCF906460D4650465946DE
S315080003C0019A00F0D4F910EB08006141002487EA8D
S315080003D0115284EAE7731A4340D0009A62B3019A2D
S315080003E0012A4FEA075215DC001B61EB02014FF0A8
S315080003F0004202EA0752CDE90042001C41F580118D
S3150800040032462B4600F00BFA03B0BDE8F08F4046A3
S315080004102146F9E7001B61EB0201001C41F5801338
S3150800042000185B412018A2F5001747EB030140EAC4
S31508000430D570B6196D4111E06D084FEA360645EAE2
S31508000440C0754FEA0752001B61EB0201001C41F51B
S31508000450801149084FEA30000019514132462B46AF
S3150800046003B0BDE8F04F00F0CBB900980122400078
S315080004700023D0EB020263EBE073009821464FEAB3
S31508000480E074B8EB000061EB0401E9E783F0004390
S315080004905BE781F0004158E72DE9FE4F81EA030446
S315080004A004F0004421F0004100944FF0000B23F0C3
S315080004B0004350EA01045ED052EA03045BD0C3F35A
S315080004C00A54C1F30A552C44A4F2F3340194A0FB50
S315080004D00254C1F3130141F48011C3F3130343F427
S315080004E0801301FB024400FB034E840A970A44EA80
S315080004F0815447EA8357A4FB076802958D0A05FBD2
S3150800050007854FEA932C04FB0C542705029D4FEAF6
S31508000510065847EA1637B5EB08056EEB070C870E43
S31508000520920E47EA811742EA8312A7FB0201B6EB4D
S315080005300B0164EB00042B0D43EA0C335E1844EB05
S315080005401C50DA465146E7FB0201C5F313044FEA8D
S315080005500B3343EA14534FEA0432019C43EA060379
S31508000560A4F10C040294009CCDE900B400F057F9FC
S3150800057003B0BDE8F08F00200146F9E72DE9F04DFC
S3150800058081EA030404F0004B21F0004514464FF0BD
S31508000590000A23F0004150EA050220D054EA01027D
S315080005A01DD0C5F30A570246C5F31303C1F313005A
S315080005B0C1F30A5640F4801543F48013A7EB0608E6
S315080005C0101BD64608F2FD3873EB050002D308F176
S315080005D0010801E092185B41B8F1000F03DA002028
S315080005E00146BDE8F08D00204FF48011064684468A
S315080005F00EE0171B73EB050705D3121B63EB050308
S3150800060006434CEA010C49084FEA300092185B4150
S3150800061050EA0107EDD152EA030012D082EA04003B
S3150800062083EA0501084305D0101BAB4106D2012217
S31508000630002306E000224FF0004302E06FF00102BB
S3150800064053101AEB06004CEB085110EB0A0041EB6D
S315080006500B01BDE8F04D00F0D3B80EB540F23341BA
S3150800066002910021CDE900110A460B4600F0D7F8A1
S3150800067003B000BD00F0004230F000400AD0C10DC2
S3150800068001F56071C0F3160042EA0151C20840073D
S3150800069011437047002001467047000030B5041E1C
S315080006A071F1000404DB4FF00044404264EB0101A1
S315080006B0141E73F1000405DB1C464FF0004352423A
S315080006C063EB0403994208BF904230BD01F0004332
S315080006D030B421F0004150EA010206D00A0DA2F515
S315080006E06072C1F31301002A02DC30BC0020704797
S315080006F0440F44EAC104C100E01830BC00EBC25004
S3150800070000F047B830B50B460146002020220124E8
S3150800071009E021FA02F59D4205D303FA02F5491BC1
S3150800072004FA02F52844151EA2F10102F1DC30BDD7
S31508000730202A04DB203A00FA02F100207047914093
S31508000740C2F1200320FA03F3194390407047202A88
S3150800075004DB203A21FA02F00021704721FA02F35D
S31508000760D040C2F120029140084319467047202A1A
S3150800077006DBCB17203A41FA02F043EAE07306E0BB
S3150800078041FA02F3D040C2F12002914008431946CB
S3150800079070470029A8BF7047401C490008BF20F0D1
S315080007A00100704710B4B0FA80FC00FA0CF050EA69
S315080007B0010404BF10BC704749B1CCF1200421FAEA
S315080007C004F411FA0CF118BF012121430843A3EBE5
S315080007D00C01CB1D4FEA00614FEA102042BF0020F2
S315080007E010BC704700EBC35010440029A4BF10BCCE
S315080007F07047401C490008BF20F0010010BC704734
S3150800080010B5141E73F1000408DA401C41F100010A
S3150800081092185B411A4301D120F0010010BD2DE961
S31508000820F04D92469B4611B1B1FA81F202E0B0FA58
S3150800083080F220329046FFF77BFF04460F4640EAD7
S315080008400A0041EA0B0153465A46084313D011469B
S3150800085053EA010019D0C8F140025046FFF777FF66
S3150800086005460E46504659464246FFF761FF08437D
S3150800087005D0012004E020463946BDE8F08D002069
S31508000880054346EAE0762C4337430A986305E40AAB
S31508000890A0EB08000022FD0A44EA47540A3002D5B4
S315080008A000200146E9E7010510196941DDE9084517
S315080008B000196941BDE8F04DA2E70EB5C10F80EAFF
S315080008C0E0700844CA07002140F233438DE80E0061
S315080008D00A460B46FFF7A3FF03B000BDC1F30A5251
S315080008E0C1F3130140F2FF3341F480119A4202DA50
S315080008F000200146704740F233439A42A2F233423F
S3150800090002DC5242FFF723BFFFF712BF064C074D22
S3150800091006E0E06840F0010394E8070098471034C1
S31508000920AC42F6D3FFF736FC7886000898860008AE
S3150800093070B5C1F30A5201F000450024C1F3130152
S3150800094040F2FF3341F480119A4201DA002070BD6B
S3150800095040F233439A42A2F2334203DC5242FFF793
S31508000960F6FE00E090402C43F1D0404270BDFEE711
S31508000970014800F083B8000078010020014800F023
S315080009807DB80000F0000020014800F077B80000AC
S31508000990A80000207047012000F0E2B8064810B50C
S315080009A0B0F87C0080B200F0DBF8034803498030D9
S315080009B0808880B2086010BDC04C0008140401404D
S315080009C010B5054CA08980B200F0CAF8A08A034980
S315080009D080B2086010BD0000404D000814040140B4
S315080009E072B6FEE710B590F825100022022905D048
S315080009F00421C16380F82420012010BD01680B681A
S31508000A0023F00E030B6001680B6823F001030B60EB
S31508000A1090F84410046C01F01C03012101FA03F359
S31508000A20636080F8251080F82420104610BD10B5A4
S31508000A3090F825100024022903D00421C16301245B
S31508000A401AE001680A6822F00E020A6001680A685C
S31508000A5022F001020A6090F84410036C01F01C02AF
S31508000A60012101FA02F25A6080F82510002180F867
S31508000A702410816B01B18847204610BDF0B4016C83
S31508000A800C6801680D6890F8442002F01C060422E0
S31508000A9002FA06F3234211D06B070FD50B689B06A3
S31508000AA003D40B6823F004030B6090F8441001F09C
S31508000AB01C018A40016C4A60016B1DE0022303FA9F
S31508000AC006F727424FF0000C4FF0010218D0AF0787
S31508000AD016D50C68A40605D40C6824F00A040C6024
S31508000AE080F8252090F8441001F01C018B40016C19
S31508000AF04B6080F824C0C16A00291AD0F0BC0847A8
S31508000B000823B340234214D02B0712D50B6823F0D1
S31508000B100E030B6090F84410036C01F01C0102FAF6
S31508000B2001F15960C26380F8252080F824C0416B22
S31508000B30E2E7F0BC7047000070B5044600F012F911
S31508000B400546601C02D004480078044400F00AF9FF
S31508000B50401BA042FAD370BD4C000020704700002D
S31508000B60044910B50A68024202D00860FFF7F6FF8A
S31508000B7010BD0000140401402DE9F04FDFF8AC91D8
S31508000B8000230325A9F1040B85B04FF0010C0F27AC
S31508000B9009F1040AABF1040EBFE000BF0CFA03F634
S31508000BA0324075D00C7904F00304012C01D0022CD4
S31508000BB01BD1846800945C0005FA04F80494009C30
S31508000BC024EA08040094D1F80C80049C08FA04F876
S31508000BD0009C48EA0408C0F808804468B4430E79C3
S31508000BE0C6F300169E40264346600C79E443A407E4
S31508000BF00AD0C4684FEA430805FA08F6B4438E6873
S31508000C0006FA08F62643C6600C7904F00304022C9B
S31508000C1010D1DC0800EB84040294246A5E074FEACC
S31508000C20D66807FA08F6B4430E6906FA08F62643A4
S31508000C30029C266204684FEA430805FA08F6B4439C
S31508000C400E7906F0030606FA08F6264306604C688F
S31508000C5014F4403F60D0364C266E46F001062666F0
S31508000C60246E23F0030604F001040094314C344446
S31508000C700294A4689E074FEA167807FA08F6B44362
S31508000C80B0F1904F05D02C4EB04204D1012612E0A7
S31508000C9042E000260FE0294EB04201D102260AE0C2
S31508000CA0274EB04201D1032605E0264EB04201D1B7
S31508000CB0042600E0072606FA08F62643029CA660E4
S31508000CC0D9F800604C46D1F8048096435FEAC828F4
S31508000CD000D516432660DAF800405646D1F8048057
S31508000CE094435FEA882800D514433460DBF8004053
S31508000CF05E46D1F8048094435FEA883800D51443E9
S31508000D003460DEF800407646D1F8048094435FEA02
S31508000D10C83800D5144334605B1C0A6832FA03F4F9
S31508000D207FF43CAF05B0BDE8F08F00000804014031
S31508000D300010024000000140000400480008004876
S31508000D40000C004800100048426921EA02030A40E4
S31508000D5043EA0241816170470AB181617047816245
S31508000D607047000001488068704700004C0000206A
S31508000D7010B50024052000F071F80F2000F008F8DF
S31508000D8008B1012401E000F025F8204610BD000056
S31508000D9070B50E4E05460024307898B14FF47A7136
S31508000DA0B1FBF0F00A490968B1FBF0F000F010FD5C
S31508000DB040B9102D06D200222946501E00F02EF802
S31508000DC0756000E00124204670BD00004C0000203C
S31508000DD000000020094808B5016E41F001010166CE
S31508000DE0016E01F001010091816D41F0805181652C
S31508000DF0806D00F08050009008BD00000010024091
S31508000E00002809DB00F01F020121914040098000FB
S31508000E1000F1E020C0F8001170470000F0B40E4B56
S31508000E201B680C46C3F30223C3F10705042D00D93A
S31508000E300425191D072901D2002300E0DB1E01261F
S31508000E4006FA05F1491E214099409E40761E164035
S31508000E503143F0BC01F0BCBE0CED00E0064900F0E1
S31508000E60070208684FF6FF03184040EA0220034AC3
S31508000E7010430860704700000CED00E00000FA051A
S31508000E800248006800F4C060704700000070004027
S31508000E9010B50D4C2068C00304D500F019F84FF4BE
S31508000EA080302060084C20342068800603D500F086
S31508000EB00DF8202020602068400603D500F007F8CA
S31508000EC04020206010BD00001404014070477047A0
S31508000ED004484069000501D503A000E006A001F01A
S31508000EE03DBE000000700040E794B5E58E8BE8BF74
S31508000EF087E4BD8E2E0D0A00E794B5E58E8BE6AD28
S31508000F00A3E5B8B82E0D0A002DE9F0470F460500EF
S31508000F106BD0494E306800F00700B84209D23068F5
S31508000F2020F0070038433060306800F00700B84208
S31508000F305BD12878414C80070AD5A868A16801F0DA
S31508000F40F001884204D9A16821F0F0010143A160AB
S31508000F502878C0072CD06868032811D0022812D038
S31508000F60216898B1490500293FDAA16821F00301F3
S31508000F700143A160FFF7F6FE804641F2883910E08A
S31508000F8021688901EFE721688903ECE78907EAE721
S31508000F90FFF7E8FEA0EB0801494502D90320BDE8A2
S31508000FA0F087A068696800F00C00B0EB810FEFD1FC
S31508000FB0287880070AD5A868A16801F0F001884258
S31508000FC004D2A16821F0F0010143A160306800F065
S31508000FD00700B8420BD9306820F007003843306064
S31508000FE0306800F00700B84201D00120D7E728781A
S31508000FF0400705D5A068E96820F4E0600843A060CA
S315080010002878000706D5A068296920F4605040EAC8
S31508001010C100A06000F03EF8A168094AC1F30311B7
S31508001020515C01F01F01C84006490860064800687F
S31508001030BDE8F047FFF7ACBE0020024000100240B2
S31508001040584D0008000000205000002005480649B9
S3150800105000688968054AC1F30221515C01F01F0145
S31508001060C84070470000002000100240984D000854
S315080010700548064900688968054AC1F3C221515CDA
S3150800108001F01F01C8407047000000200010024010
S31508001090984D000870B52549002318468A68CC681B
S315080010A012F00C0204F00306214C4FEA640509D03D
S315080010B00C2A05D0042A32D0082A00D1284670BD49
S315080010C0012E10D10B681B0704D4D1F89430C3F352
S315080010D0032302E00B68C3F30313164E56F82330B6
S315080010E0DAB10C2AEBD1C86800F00300022818D040
S315080010F0032818D01846CA68CB68C2F30212C3F38D
S3150800110006234343521CB3FBF2F2C868C0F341609E
S31508001110401C4000B2FBF0F070BD184670BD20467A
S3150800112070BD2046E7E72846E5E7000000100240C4
S315080011300024F400684D00082DE9F84304006FD038
S31508001140FA4DA86800F00C06E86800F00307207856
S31508001150C00664D576B10C2E01D1012F0AD0A0693C
S31508001160002828687AD040F001002860FFF7FAFDC9
S3150800117080465DE02868800702D5A0690028DED091
S31508001180216A2868000703D5286800F0F00004E003
S31508001190D5F89400F02202EA1010814216D90846C2
S315080011A001F0E0F800283BD1286840F008002860E4
S315080011B02868216A20F0F000084328606868E16919
S315080011C020F47F4040EA0120686016E0286840F075
S315080011D0080028602868216A20F0F0000843286083
S315080011E06868E16920F47F4040EA0120686026B912
S315080011F0206A01F0B7F80028D5D1FFF74BFFA96898
S31508001200CB4AC1F30311515C01F01F01C840C9491B
S315080012100860C9480068FFF7BBFD00287ED12EE0AC
S31508001220CAE000BFFFF79EFDA0EB0800022876D8AB
S3150800123028688007F6D5286840F0080028602868DE
S31508001240216A20F0F000084328606868E16920F404
S315080012507F4040EA0120686011E0FFE720F00100C6
S315080012602860FFF77FFD804606E000BFFFF77AFD9E
S31508001270A0EB08000228DAD828688007F6D4207878
S31508001280C00740D0082E18D00C2E01D1032F14D039
S315080012906068B0F5803F17D0B0F5A02F286817D042
S315080012A020F480302860286820F480202860606850
S315080012B0E0B1FFF757FD804614E02868800322D581
S315080012C06068002878D01EE0286840F48030EDE792
S315080012D040F480202860F7E7FFF744FDA0EB0800FC
S315080012E06428A4D828688003F6D50CE0FFF73AFDF1
S315080012F0804605E0FFF736FDA0EB0800642896D87F
S3150800130028688003F6D4207880073BD5042E11D0B0
S315080013100C2E01D1022F0DD0E06801E0AAE1FFE012
S31508001320002828681ED040F480702860FFF71AFD50
S3150800133007460CE0286840050CD5E0680028C1D0AF
S3150800134008E000BFFFF70EFDC01B022893D82868E7
S315080013504005F7D56868217C20F0F85040EA01601E
S3150800136068600FE020F480702860FFF7FBFC0746F2
S3150800137005E000BFFFF7F6FCC01B0228B1D82868B5
S315080013804005F7D42078000729D560690028D5F8E4
S31508001390940012D040F00100C5F89400FFF7E2FC73
S315080013A0074604E0FFF7DEFCC01B022899D8D5F8EB
S315080013B094008007F6D512E02BE120F00100C5F86D
S315080013C09400FFF7CFFC074605E000BFFFF7CAFC0D
S315080013D0C01B022885D8D5F894008007F6D4207853
S315080013E0400766D5A86D0027C00008D4A86D40F050
S315080013F08050A865A86D012700F0805000904F48DE
S315080014000168C90512D40168814641F480710160FA
S31508001410FFF7A8FC804605E0FFF7A4FCA0EB080050
S3150800142002287DD8D9F80000C005F5D5A06801289E
S3150800143016D00528D5F8900017D020F00100C5F879
S315080014409000D5F8900020F0040000BFC5F8900081
S31508001450A06841F28839C0B1FFF784FC80460FE0E6
S31508001460D5F8900040F00100F0E740F00400C5F818
S315080014709000F5E7FFF776FCA0EB080149454FD841
S31508001480D5F890008007F5D50EE0FFF76BFC80468F
S3150800149006E000BFFFF766FCA0EB080149453FD808
S315080014A0D5F890008007F5D41FB1A86D20F08050BC
S315080014B0A8652078800628D5606A0028D5F898009F
S315080014C012D040F00100C5F89800FFF74BFC07461C
S315080014D005E000BFFFF746FCC01B022820D8D5F858
S315080014E098008007F6D510E020F00100C5F89800AE
S315080014F0FFF738FC074604E0FFF734FCC01B022858
S315080015000ED8D5F898008007F6D4A06AF0B302285A
S3150800151016D00C2E7DD0286820F08070286000E058
S31508001520A7E0FFF71FFC0446A6E0000000100240F3
S31508001530584D0008000000205000002000700040B0
S31508001540E868E26A00F00301914228D1216B00F0B5
S31508001550700209011039914221D1626B00F4FE41F3
S31508001560B1EB022F1BD194F8382000F07841B1EB8B
S31508001570C26F14D1A18F00F4C00249084905A1F52C
S31508001580001191420BD194F8401000E06AE0490836
S31508001590490600F0C060A1F1007181424BD00C2EC3
S315080015A073D02868400170D4286820F080702860BD
S315080015B0FFF7D8FB064604E0FFF7D4FB801B02289A
S315080015C057D828688001F7D4F4E90B016FF00F02A9
S315080015D002EB01110843218A5204490802EB4151E2
S315080015E0A26841EA02210843217D4FF07E4249085C
S315080015F002EB41610843217B40EAC160E968244A5D
S3150800160011400843E860286840F080702860E86860
S3150800161000E03AE040F08070E860FFF7A3FB04467C
S3150800162005E000BFFFF79EFB001B022821D82868AB
S315080016308001F7D527E02868800124D4286840F07F
S3150800164080702860E86840F08070E860FFF78AFBE1
S31508001650044604E0FFF786FB001B022809D8286821
S315080016608001F7D50FE000BFFFF77CFB001B0228BF
S3150800167002D90320BDE8F88328688001F4D4E86815
S3150800168004490840E8600020F4E70120F2E700007A
S315080016908C809D01FCFFEEFE704700000EB503F03E
S315080016A0A5F906480178837842788DE80E00C37953
S315080016B08279818802A001F051FA0EBDE40100206A
S315080016C0416C61726D2054696D653A25642D2564F7
S315080016D02D25642025643A25643A25640A0000000D
S315080016E010B5144904464FF48020086020688168C4
S315080016F0C9040BD5C168C90508D5C16801F08001C0
S3150800170061F4C071C1602046FFF7C8FF2068816890
S3150800171089040BD5C168890508D5C16801F080011F
S3150800172061F42071C1602046FFF7B6FF012084F8F6
S31508001730210010BD1404014010B500680B4641682D
S315080017400D480140080CD870C1F304245C7001F000
S315080017503F049C70C1F34231197052B900F046FE3D
S31508001760D870587800F042FE5870987800F03EFE1F
S315080017709870002010BD00003FFFFF0010B50B4613
S315080017800168896A596001680969C1F30E0199609F
S31508001790006801680D480140C1F305401870C1F39F
S315080017A006245C7001F07F049C70890DD97052B9CB
S315080017B000F01CFE1870587800F018FE58709878DB
S315080017C000F014FE9870002010BD00007F7F7F0097
S315080017D010B5401EB0F1807F01D3012010BD4FF037
S315080017E0E02460610F21601701F0F2F90020A06182
S315080017F007202061002010BD70477047704790F899
S315080018003C20012A0CD0012200F83C2F0223437009
S3150800181050F83C3C596142700021017008467047F7
S315080018200220704770B5044600682449884243D1AF
S315080018300069C04380073DD50021214800F052F9D0
S31508001840204A83B21078010634D41D494506A1F111
S315080018506C010CD540F0800010705380C86E026A87
S3150800186022F00A020262C86E016A016222E00020C2
S31508001870508040231370CA6E136A41F211152B4229
S3150800188007D1136AAD102B4203D1136823F0010365
S315080018901360CA6E5062C86E026A22F00A020262B9
S315080018A0C86E026A42F002020262C86E016841F01E
S315080018B0010101602068006970BD0000002C01402C
S315080018C05C0200200400002070B504460068016927
S315080018D04FF00005C943890715D4C168C94389076C
S315080018E011D4E91E016101202077206880698007EC
S315080018F0204602D0FFF796FF04E000F0A7F820463E
S3150800190000F0A5F8257720680169C943490717D467
S31508001910C168C943490713D46FF004010161022065
S3150800192020772068806910F4407F204602D0FFF7B0
S3150800193079FF04E000F08AF8204600F088F8257759
S3150800194020680169C943090716D4C168C94309074C
S3150800195012D46FF008010161042020772068C0695D
S315080019608007204602D0FFF75DFF04E000F06EF81E
S31508001970204600F06CF8257720680169C943C90636
S3150800198017D4C168C943C90613D46FF010010161A1
S31508001990082020772068C06910F4407F204602D0CE
S315080019A0FFF740FF04E000F051F8204600F04FF83A
S315080019B0257720680169C943C90708D1C168C943A1
S315080019C0C90704D1891E0161204600F041F8206844
S315080019D00169C943090609D4C168C943090605D47A
S315080019E06FF0800101612046FFF707FF2068016953
S315080019F0C943C90509D4C168C943090605D46FF4A2
S31508001A00807101612046FFF7F7FE20680169C94326
S31508001A10490609D4C168C943490605D46FF040018F
S31508001A200161204600F073F820680169C9438906F8
S31508001A300BD4C168C943890607D46FF02001016138
S31508001A402046BDE87040FFF7D9BE70BD70477047A5
S31508001A5070B5054600681D4988420AD11C490A78AE
S31508001A60100606D4500604D5D043800607D0521C6B
S31508001A700A702868174CB0F1804F10D013E0164B47
S31508001A80D86E046A24F00A040462D86E036A0362F4
S31508001A9042F0800008704FF6FF704880E9E7A18899
S31508001AA02068FFF751F90D492868884203D1A188B3
S31508001AB02068FFF749F90A492868884205D1A188AC
S31508001AC02068BDE87040FFF73FB970BD002C0140A3
S31508001AD004000020B84C0008F00100200010004067
S31508001AE0001400400246002041B1042909D0082903
S31508001AF00AD00C2901D11068006C70471068406B39
S31508001B0070471068806B70471068C06B70477047E5
S31508001B107047704700680549884206D10F2101625F
S31508001B2001220349034800F0C9B970470044004040
S31508001B305E000020240700202DE9F04102680446D3
S31508001B40D0691168936840F60F0528424FF00005E2
S31508001B5005D186067ED58E067CD5616E1BE1994F2A
S31508001B6003F001060F40374374D0C70709D0CF05E5
S31508001B7007D501271762D4F8802042F00102C4F87D
S31508001B80802082070AD5DA0708D0276802223A6237
S31508001B90D4F8802042F00402C4F8802042070AD50F
S31508001BA0DA0708D0236804221A62D4F8802042F0A3
S31508001BB00202C4F8802002070CD501F02002324345
S31508001BC008D0236808221A62D4F8802042F0080256
S31508001BD0C4F8802002050BD54A0109D523684FF4BD
S31508001BE000621A62D4F8802042F02002C4F88020ED
S31508001BF0D4F88020002A35D0800605D5880603D576
S31508001C00616E09B120468847D4F880002168896842
S31508001C10490602D410F0280F26D0204600F012FDFF
S31508001C202068806840061AD52068083050E8001FEA
S31508001C3021F0400140E80012002AF5D1206F70B16A
S31508001C4061498163206FFEF7F2FE00280AD0206FF3
S31508001C50816B01E00EE02046BDE8F04108472046CA
S31508001C60FFF758FFBDE8F0812046FFF753FFC4F899
S31508001C708050F7E7276E2026012F7BD1C70679D536
S31508001C80CF0677D51020106220688068400641D5B7
S31508001C90216F086840680004000CE3D0B4F85820A7
S31508001CA08242DFD9A4F85A000868006880062AD458
S31508001CB0206850E8001F21F4807140E80012002ACD
S31508001CC0F6D12068083050E8001F21F0010140E8ED
S31508001CD00012002AF5D12068083050E8001F21F0CC
S31508001CE0400140E80012002AF5D1E667256621681A
S31508001CF051E8000F20F0100041E80002002AF6D152
S31508001D00206FFEF76FFEB4F85800B4F85A10401A60
S31508001D1081B22AE0B4F85800B4F85A10401A81B2D1
S31508001D20B4F85A0000289DD000299BD0226852E8B2
S31508001D30000F20F4907042E80003002BF6D12068CB
S31508001D40083050E8002F22F0010240E80023002B5B
S31508001D50F5D1E66725666566226852E8000F20F029
S31508001D60100042E80003002BF6D12046FFF7D0FE0C
S31508001D7078E7FFE7C70209D55B0207D54FF480105D
S31508001D8010622046BDE8F041FFF7C3BE020606D53D
S31508001D900A0604D5A16E00297FF45DAF62E7400606
S31508001DA0E6D54806E4D52046026852E8001F21F029
S31508001DB0400142E80013002BF6D18667856600F0DD
S31508001DC0CFF84FE7200100043126000810B50400BB
S31508001DD002D0A06F10B107E0012010BD002084F8E2
S31508001DE07400204600F026F82420A06720680168C1
S31508001DF021F001010160204600F0E8FC0128ECD042
S31508001E00606A10B1204600F081FB2068416821F421
S31508001E10904141602068816821F02A01816020682C
S31508001E20016841F0010101602046BDE8104000F05C
S31508001E30D1BB000070B500681E4986B0884236D10D
S31508001E401D48C16C41F00101C164C16C01F001017A
S31508001E500591C16C41F00101C164C16C01F0010139
S31508001E600591816D41F400318165806D022400F48D
S31508001E7000300590042001258DE8310003200390E9
S31508001E8007204FF09046049069463046FEF774FEE8
S31508001E9008208DE8310069463046FEF76DFE0322BC
S31508001EA011462620FEF7BAFF2620FEF7A9FF06B040
S31508001EB070BD0000004400400010024030B4C36FFB
S31508001EC0202B20D1E1B1DAB190F87430012B1AD069
S31508001ED0012380F87430002303660C4C0368A34280
S31508001EE00BD05B681B0208D5046854E8003F43F032
S31508001EF0806344E80035002DF6D130BC00F066BD9D
S31508001F00012030BC70470220FBE70000008000403B
S31508001F1000680F49884219D10E48B0F80411FF2904
S31508001F200FD80D49B0F8002109788154B0F800118E
S31508001F30491CC9B2A0F80011B0F80411491CA0F850
S31508001F400411012204490548FFF7B8BF704700008D
S31508001F50004400401C0600205D00002024070020E5
S31508001F607047FEE700B587B014216846FEF7D4F936
S31508001F702748C16C41F00101C164C16C01F001013F
S31508001F800591C16C41F00201C164C16C01F0020106
S31508001F900591C16C41F00401C164C06C00F00400F5
S31508001FA0059001200190022002900390194881882B
S31508001FB0009100686946FEF7DFFD164808308188FB
S31508001FC0009100686946FEF7D7FD124810308188EF
S31508001FD0009100686946FEF7CFFD0E4818308188E3
S31508001FE0009100686946FEF7C7FD0A4820308188D7
S31508001FF0009100686946FEF7BFFD064828308188CB
S31508002000009100686946FEF7B7FD07B000BD0000FD
S31508002010001002407400002070B50A4C054621687D
S31508002020A0888862A4F10800818800688161280A6E
S3150800203000F0E6F9E8B200F0E3F92168A0888861C3
S3150800204070BD000094000020FEE7FEE7F0B50646E6
S31508002050504200EBD070441000EE104A2DED068B6E
S31508002060D3B0B8EEC00A52089DED5F1ADDED5E1AD0
S315080020708DED310A00EE104A0D46B8EEC00A8DED18
S31508002080320A00EE104AB8EEC00A8DED330A00EEA9
S31508002090102AB8EE400A8DED340A00EE104AB8EE62
S315080020A0C00A8DED350A00EE104AB8EEC00A8DED6D
S315080020B0360A00EE102AB8EE400A8DED370A00EE11
S315080020C0102AB8EE400A8DED380A00EE104AB8EE2E
S315080020D0C00A8DED390A00EE104AB8EEC00A8DED39
S315080020E03A0A00EE102AB8EE400A8DED3B0A00EED9
S315080020F0104AB8EEC00A8DED3C0A00EE104AB8EE5A
S31508002100C00A8DED3D0A00EE104AB8EEC00A8DED04
S315080021103E0A00EE102AB8EE400A8DED3F0A00EEA0
S31508002120102AB8EE400A8DED400A00EE104AB8EEC5
S31508002130C00A8DED410A00EE102AB8EE400A8DED70
S31508002140420A00EE102AB8EE400A8DED430A00EE68
S31508002150102AB8EE400A8DED440A00EE102AB8EEB1
S31508002160400A8DED450A00EE104AB8EEC00A8DED1C
S31508002170460A00EE102AB8EE400A8DED470A00EE30
S31508002180102AB8EE400A8DED480A00EE103AB8EE6D
S31508002190C00ADFED700A20EE202A9FED6F0AF8EEDE
S315080021A0E11AB8EEC11A82EE008A61EEA01A61EE53
S315080021B0200AC1EE808A18EE100AC0EE80AAFEF741
S315080021C059FA41EC100B00F013FD51EC100BFEF719
S315080021D07DFA0AEE100A18EE100AFEF74BFA41ECE1
S315080021E0100B00F069FD51EC100BFEF76FFA09EEC3
S315080021F0900A18EE900AFEF73DFA41EC100B00F033
S31508002200F7FC51EC100BFEF761FA09EE100A18EE0E
S31508002210900AFEF72FFA41EC100B00F04DFD51EC39
S31508002220100BFEF753FA08EE900A1AEE900AFEF71C
S3150800223021FA41EC100B00F0DBFC51EC100BFEF719
S3150800224045FA08EE100A1AEE900AFEF713FA41EC60
S31508002250100B00F031FD51EC100BFEF737FA01EECA
S31508002260900A002031AA01AC00EB400302EB83017F
S31508002270401C91ED010A91ED022AD1ED002A20EECB
S31508002280291A60EE0A0A22EE890A04EB830102EE95
S315080022900A1A42EE690A082801EE280A21EE092AD6
S315080022A002EEE82A20EE081A20EE210A00EEE11ACC
S315080022B000EE880A00EE906AF8EEE00A71EE200A4F
S315080022C0C1ED000A00EE905AF8EEE00A30EE200A58
S315080022D081ED010A81ED022AC6DB60221F4919A891
S315080022E0FEF701F8002519AE4FF6E07706EBC501B3
S315080022F056F835004968009701EB410104EB810166
S3150800230000EB400091ED010A04EB8000BCEEC00A28
S3150800231010EE102A91ED000A93B2BCEEC00A10EE38
S31508002320101A90ED010A8AB2BCEEC00A10EE101A15
S3150800233090ED000A89B2BCEEC00A10EE100A80B20F
S3150800234001F04CFE6D1C0C2DD0DB53B0BDEC068B9A
S31508002350F0BD0000DB0F494000003443A04D0008E3
S31508002360FEF796BDF8B51C4D06460024A86DC000BC
S3150800237002D5FEF785FD0DE0A86D40F08050A865F2
S31508002380A86D00F080500090FEF77AFDA96D21F047
S315080023908051A965B0F5007F04D0802E07D94FF08B
S315080023A003040AE0802E08D9A02E01D804E001D142
S315080023B0022402E0702E00D101240848016821F0A9
S315080023C0070121430160006800F00700A04201D020
S315080023D00120F8BD0020F8BD001002400020024090
S315080023E00148FFF77DB90000C0010020010901EB93
S315080023F0810100F00F0000EB4100C0B270470000F9
S3150800240070B50A4A082194881568083A13689288AC
S31508002410060601D5AC6100E0AC629A629A61400694
S31508002420000E491E11F0FF01F2D170BD7C0000209C
S3150800243010B5502080F31188BFF34F8FBFF36F8F0D
S3150800244002F0D4FB18B104494FF080500860002010
S3150800245080F3118810BD000004ED00E00248016811
S3150800246041F470010160704788ED00E00148FFF70C
S315080024702BBA00005C02002010B5184CE06E00690B
S31508002480C043C00729D116488168FF2905D9A1F597
S31508002490807181604FF4807108E011F0FF0F12D04F
S315080024A04FF0000211F0FF0182600CD00D48491E62
S315080024B001600A4801216C30FFF7A1F9E06E016856
S315080024C041F0010104E007483038016821F00101B4
S315080024D00160E16E6FF00100086110BDF001002097
S315080024E004000020302C01400148FFF7EDB9000038
S315080024F0B80200200148FFF7E7B9000014030020DE
S315080025000148FFF7E1B900007003002090F8241095
S31508002510C90706D001684A68836A22F400321A435A
S315080025204A6090F82410890706D501684A68C36A84
S3150800253022F480321A434A6090F82410490706D5D7
S3150800254001684A68036B22F480221A434A6090F8AD
S315080025502410090706D501684A68436B22F400422D
S315080025601A434A6090F82410C90606D501688A6895
S31508002570836B22F480521A438A6090F824108906E5
S3150800258006D501688A68C36B22F400521A438A602A
S3150800259090F82410490611D501684A68036C22F49C
S315080025A080121A434A60016CB1F5801F06D1016892
S315080025B04A68436C22F4C0021A434A6090F8241011
S315080025C0090606D501684A68806C22F4002202438F
S315080025D04A607047F8B500260446C0F88060FEF7E2
S315080025E0C1FB0546206800686FF07E47000708D5DE
S315080025F02B4600224FF400112046009700F042FABD
S3150800260060B92068006840070AD52B4600224FF4B7
S3150800261080012046009700F035FA08B10320F8BD7E
S315080026202020A067E067266684F874600020F8BD5D
S3150800263010B5806A0021A0F85A10A0F85210FFF7CA
S3150800264069FA10BD016851E8002F22F4907241E83A
S315080026500023002BF6D10168083151E8002F22F03B
S31508002660010241E80023002BF5D1016E012908D1AA
S31508002670026852E8001F21F0100142E80013002BFF
S31508002680F6D12021C167002101664166704710B561
S31508002690B0F85C20C36F0168222B04D0088B40F089
S315080026A00800088310BD898C436D11401980416D5F
S315080026B0891C4165B0F85A10491EA0F85A10B0F89E
S315080026C05A100029EED1026852E8001F21F49071D1
S315080026D042E80013002BF6D10168083151E8002FB3
S315080026E022F0010241E80023002BF5D12021C16721
S315080026F000214166026E012A02D0FFF709FC10BDCF
S315080027000166026852E8001F21F0100142E8001332
S31508002710002BF6D10168CA69D243D20601D4102229
S315080027200A62B0F85810FFF7F3F910BD10B5B0F803
S315080027305C20C36F0168222B04D0088B40F0080088
S31508002740088310BD898C1140426D1170416D491C7A
S315080027504165B0F85A10491EA0F85A10B0F85A1038
S315080027600029EED1026852E8001F21F4907142E870
S315080027700013002BF6D10168083151E8002F22F02A
S31508002780010241E80023002BF5D12021C167002171
S315080027904166026E012A02D0FFF7BAFB10BD016638
S315080027A0026852E8001F21F0100142E80013002BCE
S315080027B0F6D10168CA69D243D20601D410220A6248
S315080027C0B0F85810FFF7A4F910BD00002DE9F04144
S315080027D00446016880682269E36910436269002536
S315080027E01A431043714F0A68714B1A4002430A6034
S315080027F020684168E26821F440511143416021682C
S31508002800A069B94201D0226A10438A6822F430626C
S3150800281002438A606749236867488B420DD1D0F81E
S31508002820880010F0030006D0012847D0022843D0BC
S31508002830032830D144E001212EE060498B420BD1B8
S31508002840D0F8880010F00C0034D0042836D00828B8
S3150800285032D00C281FD133E059498B420BD1D0F81E
S31508002860880010F0300025D0102827D0202823D043
S31508002870302810D124E0BB420DD1D0F8880010F4DE
S31508002880406017D0B0F5806F18D0B0F5006F13D040
S31508002890B0F5406F14D010214A4A00264FF4004084
S315080028A0BB422FD171B102290FD004290FD00829B4
S315080028B073D10FE00021EFE70221EDE70421EBE7F2
S315080028C00821E9E7FEF7C2FB03E0104602E0FEF73F
S315080028D0E1FBE8B3626802EB420181425DD8B0EBE6
S315080028E0023F5AD8010E03025008181871410023F6
S315080028F0FDF7C8FC344AA0F5407191424DD82168CD
S31508002900C8604BE0E3694FF6EF77834228D109297F
S3150800291043D2DFE801F005080B420D42424210009F
S31508002920FEF794FB06E0FEF7A3FB03E0104602E081
S31508002930FEF7B0FB60B14100606801EB5001B1FBE6
S31508002940F0F0A0F11001B94227D84FF6F07100E077
S3150800295024E00140C0F3420001432068C1601DE045
S3150800296009291AD2DFE801F005080B190D191919FA
S315080029701000FEF76BFB06E0FEF77AFB03E0104655
S3150800298002E0FEF787FB48B1616800EB5100B0FB37
S31508002990F1F0A0F11001B94205D90125666628466D
S315080029A0A666BDE8F08180B2A9E700000080004075
S315080029B0F369FFEF00380140001002400044004070
S315080029C0004800400024F400FFFC0F0030B54165C4
S315080029D0A0F85820A0F85A200022426681684FF4D1
S315080029E08055FF23A94204D1016971BB40F2FF114A
S315080029F031E07F2439B3B1F1805F29D0A0F85C209B
S31508002A00C0F880202221C1670168083151E8003FDB
S31508002A1043F0010341E80034002CF5D18168A9424E
S31508002A2001D10169E9B11549416680F87420016947
S31508002A30C9B1026852E8001F41F4907142E80013D8
S31508002A40002BF6D118E0016941B9A0F85C30D7E748
S31508002A50016919B13F21A0F85C10D1E7A0F85C40E4
S31508002A60CEE70749E0E7026852E8001F41F0200177
S31508002A7042E80013002BF6D1002030BD2D270008B0
S31508002A808F2600082DE9F0479A4617460E46044653
S31508002A904FF000094FF02008089D4AE0681C48D00E
S31508002AA0FEF760F9A0EB0A00A8422AD84DB32068C1
S31508002AB0016849073DD5C069C043000539D4216876
S31508002AC04FF400600862206850E8001F21F4D071B6
S31508002AD040E80012002AF6D12068083050E8001FA6
S31508002AE021F0010140E80012002AF5D1C4F87880E7
S31508002AF0C4F87C80C4F8808084F874900320BDE80C
S31508002B00F087216851E8000F20F4D07041E80002F0
S31508002B10002AF6D12068083050E8001F21F001018C
S31508002B2040E80012002AF5D1C4F87880C4F87C8001
S31508002B30E2E72068C06936EA000004D00020B842FF
S31508002B40ACD00020DBE70120F9E700000148FEF7DA
S31508002B50F3BF000024070020FEE700000FB4054B72
S31508002B6010B503A9044A029800F0E6FD10BC5DF80A
S31508002B7014FB0000E13E0008600000207CB5491EF9
S31508002B801C461546CDE90001044B6A4621462846EF
S31508002B9000F0D2FD009A002111707CBD673E000846
S31508002BA003B401984100009850EAC12018BF0420D8
S31508002BB04A0D18BF40F0010040F2FF72B2EB515FB8
S31508002BC008BF40F00200012808BF052002B0704780
S31508002BD00907090E002804DB00F1E02080F800143C
S31508002BE0704700F00F0000F1E02080F8141D7047D0
S31508002BF010B52F499FED2C1B2DED020B84B00598BF
S31508002C0020F000408842D8BF9DED040B2DDD2949F0
S31508002C10884209D1049840B94FF0010000F0D4FC6D
S31508002C2000F0A2FC06B010BD05DB9DED040B00F01C
S31508002C308FFC06B010BD68469DED040B00F0A0F8A9
S31508002C4010F0030004BF9DED021B9DED000B0CD098
S31508002C5001280ED09DED021B9DED000B022817D012
S31508002C60012000F0DDFB06B010BD00F0A5FA06B0A5
S31508002C7010BD9DED021B9DED000B012000F0D0FB61
S31508002C8051EC100B81F0004106B041EC100B10BD61
S31508002C9000F092FA51EC100B81F0004106B041ECBD
S31508002CA0100B10BD0000000000000000000000002E
S31508002CB0FB21E93F0000F07F10B52F499FED2C1B43
S31508002CC02DED020B84B0059820F000408842DCBF49
S31508002CD000209DED040B32DD2849884209D104986D
S31508002CE040B94FF0010000F06FFC00F03DFC06B063
S31508002CF010BD05DB9DED040B00F02AFC06B010BDE7
S31508002D0068469DED040B00F03BF810F0030011D067
S31508002D10012818D09DED021B9DED000B02281AD044
S31508002D2000F04AFA51EC100B81F0004106B041EC74
S31508002D30100B10BD9DED021B9DED000B012000F050
S31508002D406FFB06B010BD9DED021B9DED000B00F05C
S31508002D5033FA06B010BD012000F062FB51EC100BEF
S31508002D6081F0004106B041EC100B10BD00000000D8
S31508002D700000000000000000FB21E93F0000F07F92
S31508002D802DE9F14F04462DED020B2DED088B8AB087
S31508002D909FEDE70B80ED020B139EE74826F00045F2
S31508002DA085420ADC9DED120B002084ED000B0AB06B
S31508002DB0BDEC088B03B0BDE8F08FE0489FEDE0ABB3
S31508002DC09FEDE1BBA84247DDE14F9FEDE39B9FEDF9
S31508002DD0E48B9DED120B53EC1A2B51EC100B002EC5
S31508002DE01CDDFDF753FB41EC100BBD4208D053EC3C
S31508002DF01B2B51EC100BFDF749FBC4E900010BE056
S31508002E0053EC192B51EC100BFDF740FB53EC182B28
S31508002E10FDF73CFBC4E900010120C8E7FDF795FA78
S31508002E2041EC100BBD4208D053EC1B2B51EC100B98
S31508002E30FDF78BFAC4E900010BE053EC192B51ECB2
S31508002E40100BFDF782FA53EC182BFDF77EFAC4E94E
S31508002E5000014FF0FF30AAE7C348A84279DB9DED91
S31508002E60120B51EC100B01F02FF841EC180B9FEDEB
S31508002E70C00B53EC102BFDF70FFB9FEDBF1B53EC5C
S31508002E80112BFDF762FAFDF753FD0746FDF715FD11
S31508002E9041EC190B53EC1A2BFDF7FEFA53EC182BE1
S31508002EA0FDF7F7FA41EC180B53EC1B2B51EC190BF9
S31508002EB0FDF7F2FADFF8C8A241EC100B4FEA1558F5
S31508002EC00125FA4453EC102B51EC180BFDF7DEFAEA
S31508002ED0032DC4E900013DD0C1F30A5005EB4511A5
S31508002EE0A8EB00001139814234DA0AEB051BB0EE73
S31508002EF048AA9BED000BF0EE68AA53EC102B51EC98
S31508002F00190BFDF7C9FA41EC1B0B51EC1A0B53ECE4
S31508002F101B2BFDF7BBFA41EC180B51EC1A0B53ECC3
S31508002F20182BFDF7B3FA53EC1B2BFDF7AFFA9BED05
S31508002F30020B41EC1A0B53EC102B51EC190BFDF755
S31508002F40ABFA53EC1A2BFDF7A1FA41EC100B6D1CEA
S31508002F50B8E70EE0002EA8BF3846BFF628AF94EDB6
S31508002F60000B51EC100B81F00041C4E900017842D6
S31508002F701DE7C6F3130040F4801EC6F30A50A0F2FC
S31508002F80F530471100F01F05C5F12000DDF848B0FF
S31508002F9008900020069007900520EC467949002DF8
S31508002FA007EB0002794408BF51F8221009D051F8FE
S31508002FB0223001EB8201AB404A68089922FA01F1F6
S31508002FC01943A1FB0E26A1FB0B131A449A4234BFE0
S31508002FD00123002303EB06080CEB8003D3E901A6C3
S31508002FE00E448E4234BF0121002192448A4411B115
S31508002FF0924502D903E0924501D2012100E0002161
S31508003000C3E901A641444CF82010011EA0F10100B5
S31508003010C4DC029800F10050850F0298DDE90367C9
S315080030208000DDF81480FDF748FC41EC1A0B3046A9
S31508003030FDF713FB9FED541B53EC112BFDF72CFAF0
S3150800304041EC1B0B3846FDF708FB9FED511B53EC73
S31508003050112BFDF721FA41EC180B4046FDF7FDFA56
S315080030609FED4D1B53EC112BFDF716FA41EC190B8E
S3150800307051EC180B53EC192BFDF767F953EC1B2B86
S31508003080FDF763F953EC1A2BFDF75FF9CDE9080153
S31508003090002008909DED080B53EC1A2B51EC100BF1
S315080030A0FDF7F4F953EC1B2BFDF7F0F953EC182B4D
S315080030B0FDF7ECF953EC192BFDF7EBF99FED381BEF
S315080030C053EC112BFDF7E8F99FED370B41EC180B84
S315080030D053EC102B9DED080B51EC100BFDF7DCF9AA
S315080030E053EC182BFDF731F99FED310B41EC180B1A
S315080030F053EC102B9DED080B51EC100BFDF7CCF99A
S3150800310053EC182BFDF721F941EC100B139810F02E
S31508003110004F06D06D4251EC100B81F0004141EC96
S31508003120100B284684ED000B41E600000000000065
S315080031300000000000000000FB21E93F7CD90240A6
S3150800314000004054FB21F93F3163621A61B4D03D57
S31508003150FB21F93F000000000000601A61B4D03D71
S315080031607370032E8A19A33BFB2139410000000026
S3150800317083C8C96D305FE43F000000000000E03FEF
S31508003180C256000010560000000000000000103E65
S31508003190000000000000103C000000000000103A8B
S315080031A0182D4454FB21F93D3326A611460B113C34
S315080031B000000054FB21F93D10B52DED040B2DED53
S315080031C0088B82B0B0EE419AF0EE619A0B9820F027
S315080031D000449FED4BABB4F1795F11DA9DED0A0B14
S315080031E051EC100BFDF7A4FB002801BFB0EE4A0A0C
S315080031F0F0EE6A0A02B0BDEC088B04BF04B010BD3D
S315080032009DED0A0B53EC102B51EC100BFDF744F90E
S3150800321041EC180B3C480621B0EE480AF0EE680A65
S31508003220784400F081F853EC182B51EC100BFDF79D
S3150800323033F99DED0A0B41EC1B0B53EC192B51ECA2
S31508003240100BFDF729F941EC190B53EC1B2B51EC2C
S31508003250180BFDF721F953EC192BFDF717F99FED1C
S315080032602C0B41EC190B53EC102B51EC180BFDF7FA
S3150800327013F941EC100B2848844210DA53EC192B49
S3150800328051EC100BFDF702F953EC1A2BFDF701F977
S3150800329041EC100B02B0BDEC088B04B010BD1F4802
S315080032A0A042BCBF9FED1E1B8DED001B06DBA4F5DF
S315080032B000100190002000909DED001B51EC100BB2
S315080032C053EC112BFDF7E2F89DED000B41EC180BC2
S315080032D053EC102B51EC1A0BFDF7D8F841EC1A0BEE
S315080032E053EC192B51EC180BFDF7D0F853EC1A2BAD
S315080032F0FDF7CFF841EC100BCCE70000000000000A
S31508003300000000000000F03F3453000000000000F9
S31508003310000000000000E03F3333D33F0000E93FE0
S31508003320000000000000D23F70B504462DED028B68
S315080033304D1E00EBC500B0EE408AF0EE608A90EDB7
S31508003340000B35F0060017D053EC182B51EC100B78
S31508003350FDF7A2F841EC100B6D1E04EBC50090EDCD
S31508003360001B51EC100B53EC112BFCF7EEFF41EC54
S31508003370100B35F00600E7D1022D36D0042D1CD0EF
S31508003380062D1CBFBDEC028B70BD53EC182B51ECFF
S31508003390100BFDF781F894ED0A1B53EC112BFCF783
S315080033A0D4FF53EC182BFDF777F894ED081B53EC74
S315080033B0112BFCF7CAFF41EC100B53EC182B51EC00
S315080033C0100BFDF769F894ED061B53EC112BFCF76F
S315080033D0BCFF53EC182BFDF75FF894ED040B53EC88
S315080033E0102BFCF7B2FF41EC100B53EC182B51ECE9
S315080033F0100BFDF751F894ED021B53EC112BFCF75B
S31508003400A4FF53EC182BFDF747F894ED001B53EC7B
S31508003410112BFCF79AFFBDEC028B41EC100B70BD2B
S3150800342031B504462DED040B2DED0A8BB0EE41BAED
S31508003430F0EE61BA0B989DED0A0B20F00040B0F152
S31508003440795F0DDA51EC100BFFF7AAFB042808BFC9
S3150800345000F09AF89DED0A0BBDEC0A8B05B030BD5D
S3150800346053EC102B51EC100BFDF716F841EC180B2A
S315080034709DED0A0B53EC182B51EC100BFDF70CF8CD
S3150800348041EC190B2C48B0EE480AF0EE680A052103
S315080034907844FFF749FF9FED2ACBB0EE40AAF0EE3D
S315080034A060AA9CB353EC1C2B51EC190BFCF7F4FFE8
S315080034B041EC1C0B53EC1A2B51EC190BFCF7ECFFE7
S315080034C09FED210B41EC190B53EC102B51EC1B0B08
S315080034D0FCF7E2FF53EC192BFCF7D8FF53EC182B3B
S315080034E0FCF7DAFF53EC1B2BFCF7D0FF53EC1C2B35
S315080034F0FCF7CCFF9DED0A1B53EC112BFCF7C9FF1B
S31508003500BDEC0A8B05B041EC100B30BDFFE753EC60
S315080035101A2B51EC180BFCF7BFFF53EC1C2BFCF7CE
S3150800352014FF53EC192BFCF7B7FF9DED0A1B53EC60
S31508003530112BFCF70AFFE3E7BC510000000000006E
S31508003540495555555555C5BF000000000000E03FD8
S3150800355010B553EC102B51EC100BFCF7F6FE41ECB2
S31508003560100B10BD000000009FED050B10B553ECC5
S31508003570102B51EC100BFDF701F841EC100B10BDA8
S3150800358000000000000000009FED050B10B553EC8D
S31508003590102B51EC100BFCF77FFF41EC100B10BD04
S315080035A0000000000000001002E008C8121F08C151
S315080035B0002AFAD170477047002001E001C1121FA6
S315080035C0002AFBD1704700000149086070470000D7
S315080035D0A40000202DE9FF5FDDE90220010DDDF8DA
S315080035E038B0024318D044F61050A1F2FF314143D7
S315080035F00D140F98012820D0A5EB0B00401C5FEA9C
S31508003600000A4FF00004474EDFF81C91A0465046CA
S3150800361016D5CAF1000728E00F98012443A201280D
S3150800362008D0002100980F9BC0E90021C0E9024399
S31508003630BDE8FF9F6FEA0B01F4E7CBF10000DEE778
S31508003640074612E0F80707D0224633464046494661
S31508003650FCF722FF8046894622463346104619461D
S31508003660FCF71AFF04460E467F10002FEAD1DDE963
S315080036700201BAF1000F42464B4602DAFCF70CFF8C
S3150800368001E0FCF77BFF04460E460022284BFDF7B7
S3150800369005F803D84FF0FF30014607E00022254B16
S315080036A020463146FCF751FEFDF718F9102409E0CB
S315080036B0002C0ADB0A220023FCF7E4FD019B3032CA
S315080036C01A55641E50EA0102F2D1641C019AC4F12B
S315080036D0110314440F9A012A03D0012208430DD17D
S315080036E00AE0084304D000204FF0110B0F9080E742
S315080036F0A3EB0B056D1E0DE05B4504DD4FF00002E4
S3150800370005F1010504E003DA4FF00002A5F1010511
S31508003710002AECD000980F99C0E90231C0E90045AB
S3150800372086E70000000024400000F03F300000005B
S315080037300000F0430000E03F2DE9FF4F95B09B469F
S315080037408946064600250FE2252877D10024274614
S31508003750F84A0121059400E0044316F8013F203B8E
S3150800376001FA03F01042F7D130782A2811D06FF009
S315080037702F033078A0F13002092A16D8059A44F0AA
S31508003780020402EB820203EB42021044761C059007
S31508003790EFE759F8042B0592002A03DA504244F45D
S315080037A00054059044F00204761C30782E2816D171
S315080037B016F8010F44F004042A280DD06FF02F02E2
S315080037C03078A0F13003092B09D807EB870302EB01
S315080037D04303C718761CF3E759F8047B761C307840
S315080037E06C280FD006DC4C2817D068280DD06A281C
S315080037F014D104E0742810D07A280FD10DE044F4CF
S3150800380000140AE044F4801401E044F44014727889
S31508003810824202D104F58014761C761C307866281C
S315080038200BD013DC582877D009DC002875D045283A
S31508003830F6D04628F4D047281AD19DE118E0632827
S3150800384035D0642879D0652812D195E1702873D0CF
S3150800385008DC6728F1D069286FD06E280DD06F284C
S3150800386006D1B5E073282CD0752875D0782874D081
S315080038705A46179990476D1C75E1C4F30250022801
S3150800388009D003280DD0D9F8001004280DD00D60F2
S3150800389009F1040967E1D9F80010EA17C1E90052ED
S315080038A0F6E7D9F800100D80F2E70D70F0E719F881
S315080038B0041B8DF8001000208DF80100EA4601204F
S315080038C003E059F804AB4FF0FF3061074FF00001F1
S315080038D002D40DE008F101018846B9420FDA8045A5
S315080038E0F8DB1AF808100029F4D108E008F10101FC
S315080038F088468142FADB1AF808100029F6D105989D
S315080039005B46A0EB080721463846179A00F094FA5A
S31508003910284400EB080507E04DE029E10DE01AF818
S31508003920010B5A4617999047B8F10108F7D25B463A
S3150800393021463846179A13E142E00A220092C4F358
S3150800394002524FF0000A022A08D059F804CB032A7B
S315080039504FEAEC710AD00DE029E02AE009F10701E7
S3150800396021F00702F2E802C1914609E00FFA8CFC41
S315080039704FEAEC71042A03D14FFA8CFC4FEAEC713A
S31508003980002907DA0A460021DCF1000C61EB020186
S315080039902D2202E0220504D52B228DF804200122CF
S315080039A003E0E20701D02022F7E7904659E00A2112
S315080039B002E010220DE010214FF0000A00910BE002
S315080039C010224FF0000A44F004040827009203E08E
S315080039D008224FF0000A0092C4F30252022A05D0C8
S315080039E059F804CB0021032A08D009E009F1070198
S315080039F021F00702F2E802C1914605E01FFA8CFCA5
S31508003A00042A01D10CF0FF0C4FF00008220728D534
S31508003A10702806D0009B83F0100353EA0A0305D0EA
S31508003A200EE040228DF80420012208E05CEA01023B
S31508003A3006D030228DF804208DF805000222904623
S31508003A40009B83F0080353EA0A030AD15CEA0102E1
S31508003A5001D1620705D530228DF804204FF0010800
S31508003A607F1E582804D034A003900EA802900DE0BB
S31508003A7036A0F9E753466046009AFCF703FC8446ED
S31508003A800398825C0298401E029002705CEA01006C
S31508003A90F0D1029806A9081A00F1200A600702D593
S31508003AA024F4803400E00127574502DDA7EB0A001D
S31508003AB000E0002000EB0A01009005984144401AF6
S31508003AC00590E00306D45B462146179A059800F050
S31508003AD0B3F90544002706E001A85A46C05D1799C0
S31508003AE090476D1C7F1C4745F6DBE0030CD55B460B
S31508003AF02146179A059800F09FF9054404E03020FE
S31508003B005A46179990476D1C0099481E009000293F
S31508003B10F5DC08E0029802995A460078491C029199
S31508003B20179990476D1CBAF10001AAF1010AF1DC58
S31508003B3065E1000009280100303132333435363763
S31508003B4038396162636465660000000030313233DB
S31508003B50343536373839414243444546000000007B
S31508003B6000F058F90544761C307800287FF4ECAD4F
S31508003B7019B02846BDE8F08F620700D4062709F178
S31508003B80070222F0070CFCE80223E14603F000488E
S31508003B905FEA080C02D00FF2702C0DE05FEA045CB5
S31508003BA002D50FF2682C07E05FEAC47C02D00FF258
S31508003BB0602C01E0AFF2700C4FF0FF3823F00043A1
S31508003BC0CDF850C065280CD006DC452809D0462813
S31508003BD01DD047283DD13DE0662818D067287ED1FC
S31508003BE038E00021112F01DB112000E0781CCDE917
S31508003BF0000106A90EA8FFF7EDFCDDE90F010E9AF4
S31508003C0003910021009207F1010A04914DE04FF05B
S31508003C1000400097CDE9011006A90EA8FFF7DAFCC7
S31508003C20DDE90F0203920E9B11990022DDF80CA024
S31508003C300093049211B9791C00EB010AB7EB0A004C
S31508003C4004D4C0F1FF3007F1010A0490AAEB07007B
S31508003C50019044E0012F00DA01270021112F01DD30
S31508003C60112000E03846CDE9000106A90EA8FFF7A5
S31508003C70B1FCDDE90F010E9A03910021049100922F
S31508003C80BA4621070CD40399514500DA8A46BAF197
S31508003C90010F05DD009AAAF10101515C302908D00F
S31508003CA0B84202DA10F1040F06DA0121CDE9011053
S31508003CB015E0AAF10101E9E7002805DC04990144A9
S31508003CC00491AAEB000102E0411C514500DD8A4639
S31508003CD00499401A401C01904FF0004002902007BA
S31508003CE004D40198504501DBCDF8048000208DF8F6
S31508003CF04F0002980DF14F07B0F1004F25D02B2049
S31508003D000E9002984FF0020800280CDA4042029002
S31508003D102D200E9007E00A210298FCF7F3FC3031BB
S31508003D20029007F8011DB8F10001A8F10108F2DCBC
S31508003D3002980028EFD1791E0E980870307800F0A6
S31508003D40200040F0450007F8020D12A8C01B00F13C
S31508003D5007081498007800B1012000EB0A010198C1
S31508003D6001EBE07105984144401A401E0590E003B6
S31508003D7006D45B462146179A059800F05DF8054477
S31508003D801498007818B15A46179990476D1CE003A5
S31508003D9024D55B462146179A059800F04DF8054448
S31508003DA01CE00498002807DBDDE90301884203DDEF
S31508003DB00098405C179901E0179930205A469047B9
S31508003DC0049805F10105401C04900198401E0190D5
S31508003DD004D12E205A46179990476D1CBAF1000156
S31508003DE0AAF1010ADDDC05E017F8010B5A46179916
S31508003DF090476D1CB8F10001A8F10108F4DC5B4698
S31508003E002146179A0598ABE62D0000002B00000006
S31508003E10200000002DE9F041044600251E461746FD
S31508003E20880404D405E039462020B0476D1C641E7A
S31508003E30F9D52846BDE8F0812DE9F041044600256C
S31508003E401E469046C80301D5302700E0202788047F
S31508003E5004D505E041463846B0476D1C641EF9D5C1
S31508003E602846BDE8F0814A68002A06D00A68531C2D
S31508003E700B6010704868401E48607047014908602A
S31508003E8070470000580000204FF47A71484300F04C
S31508003E9001B8000070B54FF0E024002265690949B1
S31508003EA0A36909684843A1699942FCD002D2A3EBE9
S31508003EB0010302E0A5EB010633441A440B4682428D
S31508003EC0F1D370BD5800002082B0CDE9000121F081
S31508003ED0004001909DED000B02B051EC100B7047AD
S31508003EE004490A681206FCD5024AC1B20C3211808E
S31508003EF0704700001C44004030B51A4887B0C16CB2
S31508003F0041F00201C164C06C174C00F00200059034
S31508003F1034F8640F154D218980B289B208430090A0
S31508003F204FF4041001900120029069462846FCF7D8
S31508003F3023FE218A88B2009069462846FCF71CFEB3
S31508003F40022200210920FCF769FF0920FCF758FF27
S31508003F50022200210A20FCF761FF0A20FCF750FF25
S31508003F6007B030BD00100240C04C000800040048ED
S31508003F702DE9F041104C07460021A088401E83B267
S31508003F806088401E82B2084600F046FA2C2000F0EF
S31508003F90FBFB00260BE0002504E03846FEF73CF85C
S31508003FA06D1CEDB2A0888542F7D3761CF6B2608800
S31508003FB08642F0D3BDE8F0816400002006498022DD
S31508003FC0A023087020B14B808A80032000F0E6B950
S31508003FD04A808B80F9E70000640000202DE9FC5F29
S31508003FE0164698460C460546B04201D2701B00E0BC
S31508003FF0A81B1FFA80F9444502D2A8EB040001E089
S31508004000A4EB08001FFA80FA4FF0FF30B54201D240
S31508004010012100E001460191444500D20120834672
S31508004020A9EB0A0007B2414630460C9A00F022F87E
S31508004030CAF10000009017E0214628460C9A00F0C5
S3150800404019F87800009900B2884205DDA7EB0A0145
S315080040500FB2019929448DB2484505DA07EB0900E4
S3150800406007B204EB0B0084B2B542E5D14445E3D16F
S31508004070BDE8FC9F10B514464A1C93B2421C92B286
S3150800408000F0CAF92046BDE81040FDF7C5BF00009C
S315080040902DE9F041161A5C1A641C761C66430E4C10
S315080040A0069F0025D4F800E0B4F804C0CEF828C06E
S315080040B000F0B2F9A4F1080081880068816103E084
S315080040C03846FDF7A9FF6D1CB542F9D32168A088CB
S315080040D08861BDE8F08100009400002010B5FDF766
S315080040E041FF934C2168A08888626420FFF7CCFEC4
S315080040F02168A08888613220FFF7C6FE112000F0EB
S3150800410043FB7820FCF718FDB12000F03DFB0120A9
S3150800411000F04CFB2C2000F049FB2D2000F046FB5C
S31508004120B22000F031FB012000F040FB2C2000F00B
S315080041303DFB2D2000F03AFBB32000F025FB0120C3
S3150800414000F034FB2C2000F031FB2D2000F02EFB74
S31508004150012000F02BFB2C2000F028FB2D2000F07E
S3150800416025FBB42000F010FB072000F01FFBC02041
S3150800417000F00AFBA22000F019FB022000F016FB53
S31508004180842000F013FBC12000F0FEFAC52000F0E1
S315080041900DFBC22000F0F8FA0A2000F007FB002009
S315080041A000F004FBC32000F0EFFA8A2000F0FEFAC4
S315080041B02A2000F0FBFAC42000F0E6FA8A2000F074
S315080041C0F5FAEE2000F0F2FAC52000F0DDFA0E202E
S315080041D000F0ECFA362000F0D7FAC02000F0E6FA34
S315080041E0E02000F0D1FA0F2000F0E0FA1A2000F0E3
S315080041F0DDFA0F2000F0DAFA182000F0D7FA2F209F
S3150800420000F0D4FA282000F0D1FA202000F0CEFAE7
S31508004210222000F0CBFA1F2000F0C8FA1B2000F07D
S31508004220C5FA232000F0C2FA372000F0BFFA0020B2
S3150800423000F0BCFA072000F0B9FA022000F0B6FA3E
S31508004240102000F0B3FAE12000F09EFA0F2000F0EB
S31508004250ADFA1B2000F0AAFA0F2000F0A7FA1720E3
S3150800426000F0A4FA332000F0A1FA2C2000F09EFA00
S31508004270292000F09BFA2E2000F098FA302000F052
S3150800428095FA302000F092FA392000F08FFA3F2094
S3150800429000F08CFA002000F089FA072000F086FA70
S315080042A0032000F083FA102000F080FA2A2000F09C
S315080042B06BFA002000F07AFA002000F077FA002066
S315080042C000F074FA7F2000F071FA2B2000F05CFAF7
S315080042D0002000F06BFA002000F068FA002000F0D9
S315080042E065FA9F2000F062FAF02000F04DFA0120EE
S315080042F000F05CFAF62000F047FA002000F056FAC3
S315080043003A2000F041FA052000F050FA292000F082
S315080043103BFA0120FFF752FEA4F12000808980B203
S31508004320FFF726FE04F1180081880068816110BD38
S31508004330840000200FB470B5C2B016460C46054678
S315080043404AAB4FF4807101A8499AFEF717FCCEB123
S31508004350012E1AD0022E1BD0032E0FD11020202397
S315080043600D4A6D1E641E12895D4392B24443009243
S31508004370A0B2A9B201AB324600F0C2F942B070BC95
S315080043805DF814FB06200C23EAE708201023E7E76C
S315080043900C201823E4E700006400002070B5002410
S315080043A0082812D2DFE800F0110406080A0C0E10DD
S315080043B080240AE0402408E0C02406E0202404E023
S315080043C0602402E0A02400E0E024124D2968A888B1
S315080043D08862362000F0D8F9204600F0E7F9A5F102
S315080043E03000A1064188828802D5914202D303E0B3
S315080043F0914201D94280818081884088491E8BB2CA
S31508004400401E82B20021084600F006F82968A888EE
S31508004410886170BD940000202DE9F04107461C46CE
S3150800442015460E462A2000F0AFF9002000F0BEF926
S31508004430BF1CF8B200F0BAF9002000F0B7F9AD1CBD
S31508004440E8B200F0B3F92B2000F09EF9002000F046
S31508004450ADF9761CF0B200F0A9F9002000F0A6F933
S31508004460A41CE0B200F0A2F9BDE8F0412C2000F04F
S315080044708BB900002DE9FF5FA2F12000203A4FF02A
S31508004480000BD1B25C46C0B201EB410163B1012B0E
S3150800449011D0022B23D0032B5BD12F49202501EB0A
S315080044A0801A102040210CE02C4800EB810A0620D7
S315080044B00C25294605E02A4901EB001A0820102593
S315080044C0294688460099014426484288914240D8A0
S315080044D001998088294481423BD8002637E0224842
S315080044E0182500EB011A0C203021EAE71AF80670A5
S315080044F04FF00009380607D501980F9A204481B273
S315080045000098584480B20BE00E9858B91548009B9D
S31508004510808982B20198204481B203EB0B0080B2F5
S31508004520FFF7A8FD641CE4B2AC4205D10BF101000B
S31508004530002400F0FF0B08E07806070E09F10100D9
S3150800454000F0FF09B9F1080FD4D3761CF6B2464538
S31508004550CCD3BDE8FF9F0000346A0008004E00086F
S315080045607452000864000020645800082DE9F84FCA
S3150800457092462A4A00010025090110381278103996
S31508004580C9B242B1884600F0FF0900200446DFF8A8
S3150800459090B000903BE0894600F0FF08F5E700BFC1
S315080045A00DF805006D1CEDB2032D2ED300252E4601
S315080045B006E038466946FBF7BAFE58B1761CF6B2ED
S315080045C006EBC6010BEB810716A13846FBF7AFFED3
S315080045D00028EED111484FF003010078002804F1B5
S315080045E0010008D0B0FBF1F108EB0110103881B2D8
S315080045F03246484607E0B0FBF1F009EB00101038E8
S3150800460080B23246414600F00FF8641CE4B21AF84C
S3150800461004000028C4D1BDE8F88F0000640000201B
S31508004620F4810008000000002DE9F0470D46804699
S3150800463000F1100130484388994236D8838805F13D
S315080046401001994231D8814603782C4902EBC20001
S315080046504FF0000401EB800627461BB12AE000272D
S31508004660082C13D2F019C4F10701007912E000BF33
S31508004670B9F80810B9F804008AB2E919401A81B2E3
S3150800468008EB040080B2FFF7F5FC06E0F019C4F168
S315080046900F01007DC840C007EAD17F1CFFB2102F6A
S315080046A0DED3641CE4B2102CD9D3BDE8F08700270A
S315080046B0082C10D2F019C4F1070100790FE000BFE9
S315080046C0B9F8080082B208EB040081B2E81980B292
S315080046D0FFF7D0FC06E0F019C4F10F01007DC840D1
S315080046E0C007EDD17F1CFFB2102FE1D3641CE4B2E2
S315080046F0102CDCD3D9E7000064000020F481000800
S315080047002DE9FF4F83B08846044681461D49059822
S315080047101F4640B1012809D002280AD003282ED105
S315080047201026202507E006260C2504E00826102575
S3150800473001E00C2618258A464FF0000B3A78A2F1BC
S3150800474020005E281BD8BAF80230A119994204D96C
S3150800475008EB05014C461FFA81F8BAF8040008EB85
S31508004760050181420BD810984146CDE900B0204694
S31508004770059BFFF77FFEA01984B27F1CDEE707B012
S31508004780BDE8F08F6400002010B5074C2268A188A8
S315080047909162A4F108018A8809688A62FDF730FEE9
S315080047A02168A088886110BD9400002010B5074CC8
S315080047B02268A1889162A4F108018A8809688A6139
S315080047C0FDF71EFE2168A088886110BD94000020B0
S315080047D070B51E4886B0C16C41F00101C164C16C58
S315080047E001F001010591C16C41F00201C164C06C80
S315080047F0174C00F002000590A188A08989B280B202
S3150800480001430120CDE900100220124D03906946AC
S315080048102846FCF7B1F9A08A4FF0904680B200907E
S3150800482069463046FCF7A8F9A08B012281B23046CA
S31508004830FCF792FAA08CA28D81B290B201430122B4
S315080048402846FCF789FA06B070BD00000010024041
S31508004850C04C0008000400481CB5FCF789FA14206F
S3150800486000F012F95020FFF709FBFFF745FBFFF7A9
S31508004870AFFF4FF4E13000F049F9FFF72FFC38A0FD
S31508004880FEF76CF90020FFF773FB39480025394C11
S3150800489005601F26012138A208462660FFF766FE36
S315080048A0012238A308211046FFF744FDF0022060D4
S315080048B037A201210220FFF759FE3CA2012103205D
S315080048C0FFF754FE3BA2042103202660FFF74EFEA5
S315080048D03AA301220B210320FFF72CFD38A207215A
S315080048E00320FFF743FEA946364DDFF8DC804FF07C
S315080048F0140A4FF4B4744FF00F0B00BFCDF80090B4
S315080049002B88B8F8002059080020FFF7C1FBFCF7F0
S3150800491029FAB0FBFAF0B0FBF4F104FB1107FCF737
S3150800492021FAB0FBFBF0B0FBF4F104FB1106FCF72F
S3150800493019FA0A21B0FBF1F0B0FBF4F104FB1103FC
S31508004940CDE9006728882322283801B2B8F8000084
S31508004950283800B2FDF77AFB3220FCF7EDF8CDE7F0
S31508004960746573742073746172742E2E2E0D0A008A
S31508004970700000206C000020E5BCA0E5BAADE58D0E
S315080049808E000000343233303137313700000000F2
S31508004990E5B58CE585A5E5BC8FE7B3BBE7BB9FE826
S315080049A0AEBEE8AEA1E4B88E00000000E5BC80E526
S315080049B08F910000E699BAE7A7910000303200000F
S315080049C0E78FAD0068000020660000200648416BAE
S315080049D0096829B1416BC968C96849688162704725
S315080049E04FF0FF31FAE700001000002000B587B04D
S315080049F0002269461548FCF7C1FE08B114A006E076
S31508004A00002205A91148FCF797FE20B117A0FEF76A
S31508004A10A5F807B000BD0D489DF81710243001F51C
S31508004A20FA6181809DF8151081719DF81610C17183
S31508004A309DF8141001729DF8001001709DF8011080
S31508004A4041709DF802108170E3E70000C001002064
S31508004A504661696C656420746F20676574205254DA
S31508004A60432074696D65210A000000004661696C7F
S31508004A70656420746F20676574205254432064610E
S31508004A807465210A0000000030B597B00446442139
S31508004A906846FBF741FC142111A8FBF73DFC0121F0
S31508004AA00804CDE9001002200325CDE90A05CDE961
S31508004AB00C140721CDE90E1010906846FCF73CFB54
S31508004AC000B1FEE70F20CDE9110500204FF4806103
S31508004AD0CDE913011590102C01D9042104E00E2C00
S31508004AE001D9032100E0022111A8FCF70DFA00B153
S31508004AF0FEE70548016E41F001010166006E00F00F
S31508004B000100169017B030BD001002400E4910B5CE
S31508004B100C4AC1E9002000208860C8600C220861A0
S31508004B20C1E90520C86108620846FDF74FF908B1D2
S31508004B30FBF756FFBDE81040012204490248FDF77D
S31508004B40BDB9000000440040240700205C00002096
S31508004B50D0E9013201699A60D0E901235A604A68AE
S31508004B60824201D182684A60002202610868401EBA
S31508004B7008600868704742684A6093688B60936863
S31508004B805960916008610168491C0160704700001E
S31508004B901448016B11B10121C16170470021C1613F
S31508004BA00169B1FA81F1C1F11F0101EB81020E49D8
S31508004BB051F822306BB101EB820101F108034A6812
S31508004BC052684A609A4201D152684A60D1680160C7
S31508004BD07047502080F31188BFF34F8FBFF36F8F54
S31508004BE0FEE70000100000202C0500202DE9F0410A
S31508004BF02F4C0026206B28B1A069401CA0613046C6
S31508004C00BDE8F081E5686D1CE56013D1606B00684E
S31508004C1038B1502080F31188BFF34F8FBFF36F8FE1
S31508004C20FEE7606BA16B6163A063206A401C20628B
S31508004C30FFF7CCFEA06ADFF87C80854209D3606B5B
S31508004C400068A0B1606BC068C7687868854211D2F1
S31508004C50A0622068C06A00EB800158F8210001288C
S31508004C6000D90126E0690028C9D00126C7E74FF018
S31508004C70FF30EDE7381DFFF76BFFB86A18B107F18B
S31508004C801800FFF765FFF96A01202269884010437A
S31508004C90206101EB810108EB8100391DFFF76BFFED
S31508004CA0F86A2168C96A8842C9D30126C7E700009D
S31508004CB0100000202C0500200008004800200000F5
S31508004CC0000400482000000000040048040000001A
S31508004CD00000004800800000000000480080000036
S31508004CE000040048200000000004004804000000FA
S31508004CF000040048200000000004004820000000CE
S31508004D000000004800800000000000480080000005
S31508004D1000040048040000000004004804000000E5
S31508004D2000040048080000000004004810000000C5
S31508004D3000040048100000000004004808000000B5
S31508004D4000040048080000000004004810000000A5
S31508004D5000040048100000000000000000000000E9
S31508004D600102030406070809A0860100400D030096
S31508004D70801A060000350C0040420F0080841E0091
S31508004D8000093D0000127A000024F40000366E0186
S31508004D900048E801006CDC02000000000102030480
S31508004DA000000000010000000100000002000000F1
S31508004DB002000000030000000300000000000000DD
S31508004DC004000000050000000500000006000000C1
S31508004DD006000000070000000700000004000000AD
S31508004DE000000000040000000100000005000000AB
S31508004DF00200000006000000030000000700000093
S31508004E000000000000000000000000000000000094
S31508004E103F40000000000000000030004000300065
S31508004E204000000009000BC03D000BC03D00090012
S31508004E3018C024407FE0224031800000180024C0BA
S31508004E401B000D803240018003801C4027401C80D7
S31508004E50074000401000600000000000000000004D
S31508004E600000000000001F80204040200000402075
S31508004E7020401F8000000000090006001F80060071
S31508004E8009000000040004003F800400040000003C
S31508004E90001000600000000000000000040004008C
S31508004EA004000400040000000000004000000000A8
S31508004EB000000000002001C0060038004000000085
S31508004EC01F802040204020401F8000000000104026
S31508004ED03FC000400000000018C021402240244086
S31508004EE01840000010802040244024401B80000009
S31508004EF002000D0011003FC0014000003C80244024
S31508004F0024402440238000001F802440244034404D
S31508004F10038000003000200027C038002000000071
S31508004F201B802440244024401B8000001C0022C013
S31508004F30224022401F8000000000000008400000B8
S31508004F4000000000000000000460000000000000EF
S31508004F50000004000A0011002080404009000900F2
S31508004F6009000900090000000000404020801100E7
S31508004F700A0004001800200023402400180000003E
S31508004F801F802040274029401F400000004007C0DE
S31508004F9039000F0001C0004020403FC02440244093
S31508004FA01B8000001F8020402040204030800000E9
S31508004FB020403FC0204020401F80000020403FC0C6
S31508004FC024402E4030C0000020403FC024402E0020
S31508004FD0300000000F00108020402240338002007D
S31508004FE020403FC0040004003FC02040204020402D
S31508004FF03FC02040204000000060202020203FC005
S315080050002000200020403FC024400B0030C0204034
S3150800501020403FC020400040004000C03FC03C0048
S3150800502003C03C003FC0000020403FC00C402300A6
S315080050303FC020001F802040204020401F800000E5
S3150800504020403FC024402400180000001F80214053
S31508005050214020E01FA0000020403FC02440260039
S3150800506019C0004018C02440244022403180000066
S31508005070300020403FC020403000000020003F8024
S31508005080004000403F80200020003E0001C007008D
S3150800509038002000380007C03C0007C03800000070
S315080050A0204039C0060039C02040000020003840A2
S315080050B007C0384020000000304021C02640384054
S315080050C020C00000000000007FE0402040200000D3
S315080050D0000070000C000380004000000000402023
S315080050E040207FE000000000000020004000200073
S315080050F00000000000100010001000100010001042
S3150800510000000000400000000000000000000280CF
S315080051100540054003C0004020003FC0044004404D
S31508005120038000000000038004400440064000009D
S3150800513000000380044024403FC000400000038074
S315080051400540054003400000000004401FC02440FD
S3150800515024402000000002E00550055006500420B7
S3150800516020403FC00440040003C000400000044043
S3150800517027C000400000000000100010041027E0BF
S315080051800000000020403FC00140070004C0044062
S31508005190204020403FC000400040000007C00400F7
S315080051A007C0040003C00000044007C00440040010
S315080051B003C0004000000380044004400380000050
S315080051C0041007F004500440038000000000038028
S315080051D00440045007F00010044007C002400400D1
S315080051E004000000000006400540054004C0000019
S315080051F0000004001F8004400040000004000780EF
S315080052000040044007C000400400070004C00180B5
S3150800521006000400060001C0070001C006000000E1
S31508005220044006C0010006C0044000000410071030
S3150800523004E00180060004000000044005C00640A2
S31508005240044000000000000004007BE0402000004D
S31508005250000000000000FFF00000000000004020F1
S315080052607BE00400000000004000800040002000B1
S3150800527020004000000000000000000000000000C0
S31508005280000000000000000000001FCC000C000019
S315080052900000000000000800300060000800300030
S315080052A060000000022003FC1E20022003FC1E20D2
S315080052B00220000000000E1811043FFF10840C782D
S315080052C0000000000F0010840F3800C0077818840B
S315080052D00078000000780F8410C411240E9800E4AA
S315080052E00084000808006800700000000000000044
S315080052F00000000000000000000007E01818200465
S3150800530040020000000040022004181807E00000D0
S31508005310000000000240024001800FF001800240B8
S31508005320024000000080008000800FF800800080A6
S31508005330008000000001000D000E000000000000C3
S3150800534000000000000000800080008000800080CF
S31508005350008000800000000C000C00000000000027
S31508005360000000000000000600180060018006002A
S3150800537018002000000007F00808100410040808A8
S3150800538007F000000000080408041FFC00040004DD
S315080053900000000000000E0C1014102410441184A4
S315080053A00E0C000000000C181004110411041288D9
S315080053B00C700000000000E00320042408241FFCF1
S315080053C00024000000001F9810841104110410889E
S315080053D010700000000007F00888110411041888EE
S315080053E00070000000001C00100010FC13001C00D8
S315080053F01000000000000E38114410841084114477
S315080054000E38000000000700088C10441044088875
S3150800541007F00000000000000000030C030C000069
S315080054200000000000000000000101060000000066
S315080054300000000000000080014002200410080857
S31508005440100400000220022002200220022002206E
S315080054500220000000001004080804100220014081
S315080054600080000000000E001200100C106C108066
S315080054700F00000003E00C1813E4142417C40828CE
S3150800548007D000000004003C03C41C40074000E4A9
S31508005490001C000410041FFC1104110411040E88DA
S315080054A00070000003E00C18100410041004100823
S315080054B01C10000010041FFC100410041004080837
S315080054C007F0000010041FFC1104110417C410048F
S315080054D00818000010041FFC1104110017C0100062
S315080054E00800000003E00C181004100410441C788F
S315080054F00040000010041FFC108400800080108407
S315080055001FFC10040000100410041FFC10041004F3
S315080055100000000000030001100110011FFE10002A
S315080055201000000010041FFC110403801464181CEA
S315080055301004000010041FFC1004000400040004FA
S31508005540000C000010041FFC1F0000FC1F001FFCBD
S315080055501004000010041FFC0C04030000E01018DF
S315080055601FFC100007F008081004100410040808AF
S3150800557007F0000010041FFC1084108010801080B3
S315080055800F00000007F0081810241024101C080A41
S3150800559007F2000010041FFC1104110011C011309D
S315080055A00E0C000400000E1C110410841084104414
S315080055B01C3800001800100010041FFC100410000E
S315080055C01800000010001FF810040004000410045E
S315080055D01FF8100010001E0011E0001C0070138058
S315080055E01C0010001FC0103C00E01F0000E0103C2B
S315080055F01FC000001004180C163401C001C0163470
S31508005600180C100410001C00130400FC13041C00E2
S31508005610100000000804101C1064108413041C04F5
S31508005620101800000000000000007FFE4002400243
S3150800563040020000000030000C0003800060001CDF
S315080056400003000000004002400240027FFE000006
S31508005650000000000000000020004000400040005C
S315080056602000000000010001000100010001000106
S31508005670000100010000400040002000000000007A
S315080056800000000000000098012401440144014480
S3150800569000FC000410001FFC0088010401040088B7
S315080056A00070000000000070008801040104010475
S315080056B00088000000000070008801040104110839
S315080056C01FFC0004000000F80144014401440144A1
S315080056D000C800000000010401040FFC11041104B5
S315080056E011001800000000D601290129012901C965
S315080056F00106000010041FFC0084010001000104DB
S3150800570000FC000400000104190419FC000400044C
S31508005710000000000000000300010101190119FE44
S315080057200000000010041FFC0024004001B4010C16
S31508005730010400000000100410041FFC000400040B
S3150800574000000000010401FC0104010001FC010441
S31508005750010000FC010401FC0084010001000104B1
S3150800576000FC0004000000F801040104010401041F
S3150800577000F80000010101FF00850104010400880A
S315080057800070000000000070008801040104010593
S3150800579001FF00010104010401FC00840104010069
S315080057A001800000000000CC01240124012401240A
S315080057B00198000000000100010007F80104010437
S315080057C000000000010001F80004000400040108BC
S315080057D001FC0004010001800170000C001001604A
S315080057E00180010001F0010C003001C00030010CFD
S315080057F001F0010000000104018C00740170018CA5
S3150800580001040000010101810171000E0018016008
S315080058100180010000000184010C01340144018467
S31508005820010C0000000000000000000001003EFC22
S31508005830400240020000000000000000FFFF0000D8
S31508005840000000000000400240023EFC010000008B
S31508005850000000000000600080008000400040005A
S3150800586020002000000000000000000000000000EA
S31508005870000000000000000000000000000000001A
S31508005880000000000000000000000000000000000A
S3150800589000000000000000000000000000000000FA
S315080058A00000000F80380FFE380F80380000000017
S315080058B000000000000000000000000000000000DA
S315080058C000000000000000000000010000060000C3
S315080058D00C00003800003100000600000C000038FB
S315080058E0000030000000000000000000000000007A
S315080058F0000000000000000061800067F807F980DA
S315080059000061800061800061800061800067F8079F
S31508005910F98000618000000000000000000000001F
S315080059200000000000000000000001C0E003E0F0F5
S315080059300630080418081FFFFE040E080787F00340
S3150800594081E00000000000000000000000000000E8
S315080059500000000001F000060C00040408060C70A4
S3150800596001F9C0000E00003BE000EC180708080427
S315080059700C180003E0000000000000000000000012
S31508005980000000000001E00007F003F818041C08F6
S3150800599004170807E1D003C0E00023B0003C080064
S315080059A020080000100000000000000000000000B1
S315080059B00000000000000001000031000032000075
S315080059C01C000000000000000000000000000000AD
S315080059D000000000000000000000000000000000B9
S315080059E000000000000000000000000000000000A9
S315080059F0000000007F0001FFC00780F00C001810AF
S31508005A000004200002000000000000000000000062
S31508005A10000000000000002000021000040C00181E
S31508005A200780F001FFC0007F0000000000000000B2
S31508005A300000000000000000000000000000000058
S31508005A40000000000000000042000066000066003A
S31508005A50003C0000180003FFC0001800003C0000CE
S31508005A60660000660000420000000000000000001A
S31508005A700000000000000000080000080000080000
S31508005A8000080000080001FFC00008000008000028
S31508005A9008000008000008000000000000000000E0
S31508005AA00000000000000000000100003100003284
S31508005AB000001C00000000000000000000000000BC
S31508005AC000000000000000000000000000000000C8
S31508005AD000000000000000000800000800000800A0
S31508005AE00008000008000008000008000008000080
S31508005AF00800000800000000000000000000000088
S31508005B000000000000000000000000003800003817
S31508005B10000038000000000000000000000000003F
S31508005B200000000000000000000000000000000067
S31508005B300000000000000000000600001C000070C5
S31508005B40000180000E0000380000C0000700001C9D
S31508005B500000300000000000000000000000000007
S31508005B6000000000000000007F8001FFE003807055
S31508005B7006001804000804000806001803807001CF
S31508005B80FFE0007F80000000000000000000000029
S31508005B9000000000000000000000010008010008E5
S31508005BA001000803FFF807FFF800000800000800D6
S31508005BB000080000000000000000000000000000CF
S31508005BC00000000000000001C03802C05804009818
S31508005BD0040118040218040418061C1803F818010E
S31508005BE0E0F80000000000000000000000000000CF
S31508005BF00000000000000001C0E003C0F004000837
S31508005C0004080804080806180803F41801E7F00051
S31508005C1001E0000000000000000000000000000095
S31508005C2000000000000000000300000D0000110045
S31508005C3000610000810803010807FFF80FFFF8005C
S31508005C400108000108000000000000000000000034
S31508005C50000000000000000000E007FCD00608086D
S31508005C60061008061008061008061838060FF0066B
S31508005C7007C000000000000000000000000000004F
S31508005C8000000000000000003F8001FFE0038430B0
S31508005C90020818041008041008041008071810034E
S31508005CA00FF00007C0000000000000000000000020
S31508005CB00000000000000000000003C0000700000C
S31508005CC00600000600F80607F806180006E00007B2
S31508005CD000000600000000000000000000000000B0
S31508005CE00000000000000001E1E003F7F0063410B0
S31508005CF0041808041808040C08040C0806161803E7
S31508005D00F3F001C1E0000000000000000000000000
S31508005D100000000000000000F80003FC300306380D
S31508005D200402080402080402080404100308F00127
S31508005D30FFC0007F00000000000000000000000017
S31508005D400000000000000000000000000000000045
S31508005D50000000007038007038007038000000003D
S31508005D600000000000000000000000000000000025
S31508005D700000000000000000000000000000000015
S31508005D8000000000301A00301C000000000000006F
S31508005D9000000000000000000000000000000000F5
S31508005DA000000000000000000000000800001400C9
S31508005DB0002200004100008080010040020020040B
S31508005DC000100800080000000000000000000000A5
S31508005DD00000000000000000210000210000210052
S31508005DE00021000021000021000021000021000000
S31508005DF02100002100000000000000000000000053
S31508005E000000000000000000000008000804001060
S31508005E1002002001004000808000410000220000AE
S31508005E201400000800000000000000000000000048
S31508005E300000000000000003C00004C000040000C9
S31508005E40080038080F380808380810000C30000712
S31508005E50E00003C000000000000000000000000091
S31508005E6000000000000000003F8000FFE003807093
S31508005E70020F1006708804C088048308047F88020D
S31508005E80C09003012000FE40000000000000000052
S31508005E90000000000000080000180001F8003E0895
S31508005EA001C20007020007E20000FE00001FC8004A
S31508005EB001F800003800000800000000000000009B
S31508005EC00000000004000807FFF807FFF8040808A8
S31508005ED004080804080804080806180803F4180142
S31508005EE0E7F00001E00000000000000000000000EC
S31508005EF000000000000000003F8001FFE003807002
S31508005F00020018040008040008040008040010062B
S31508005F1000200780C000000000000000000000000C
S31508005F200000000004000807FFF807FFF80400084F
S31508005F300400080400080400180200100380700119
S31508005F40FFE0007F80000000000000000000000065
S31508005F500000000004000807FFF807FFF804080817
S31508005F60040808040808040808043E08040008068B
S31508005F70001801006000000000000000000000009A
S31508005F800000000004000807FFF807FFF8040808E7
S31508005F90040800040800040800043E000600000681
S31508005FA00000018000000000000000000000000062
S31508005FB000000000000000003F8001FFE003807041
S31508005FC00600180400080402080402080203F00781
S31508005FD083F000020000020000000000000000003C
S31508005FE00000000004000807FFF807FFF804080887
S31508005FF00008000008000008000008000408080758
S31508006000FFF807FFF8040008000000000000000081
S31508006010000000000000000000000400080400085A
S3150800602004000807FFF807FFF8040008040008043E
S31508006030000800000000000000000000000000004A
S315080060400000000000000000000600000700000134
S3150800605004000104000104000307FFFE07FFFC0417
S31508006060000004000004000000000000000000001A
S315080060700000000004000807FFF807FFF8040C08F2
S31508006080001800003E0004C7800503C80600F8048F
S315080060900038040018000008000000000000000096
S315080060A00000000004000807FFF807FFF8040008CE
S315080060B000000800000800000800000800000800AA
S315080060C0001800006000000000000000000000004A
S315080060D00000000004000807FFF807800807FC0016
S315080060E0007FC00003F80007C00078000780080793
S315080060F0FFF807FFF8040008000000000000000091
S315080061000000000004000807FFF807000803C000A5
S3150800611000E000003800001E000007000001C0046F
S3150800612000F007FFF804000000000000000000006F
S3150800613000000000000000007F8001FFE00380707F
S3150800614006001804000804000806001803003001B9
S31508006150FFE0007F80000000000000000000000053
S315080061600000000004000807FFF807FFF804040809
S31508006170040400040400040400040400060C0003DC
S31508006180F80001F000000000000000000000000018
S3150800619000000000000000007F8001FFE00380701F
S315080061A00600880400880400C806003C03003E0177
S315080061B0FFE6007F840000000000000000000000E9
S315080061C00000000004000807FFF807FFF8040808A5
S315080061D0040800040C00040F00040BC00610F003AA
S315080061E0F03801E008000008000000000000000088
S315080061F00000000000000001E0F803F0300630104F
S31508006200041808041808040C08040C0802061802E6
S3150800621007F00781E0000000000000000000000011
S3150800622000000000018000060000040000040000D1
S3150800623004000807FFF807FFF80400080400000434
S3150800624000000600000180000000000000000000B9
S315080062500000000004000007FFE007FFF004001834
S3150800626000000800000800000800000800000804F4
S31508006270001007FFE0040000000000000000000016
S315080062800000000004000006000007E00007FE000A
S31508006290041FE00001F80000380001E0043E000792
S315080062A0C000060000040000000000000000000016
S315080062B00000000004000007E00007FFC0041FF804
S315080062C00007C007F80007FF80043FF80007C0046E
S315080062D0F8000700000400000000000000000000AD
S315080062E00000000000000004000806001807C07837
S315080062F005F1C8003E00001F800463E80780F80621
S31508006300001804000800000000000000000000005B
S315080063100000000004000006000007800007E008EF
S31508006320047C08001FF80007F800180804E00807AE
S315080063300000060000040000000000000000000045
S31508006340000000000000000100080600380400F8FC
S315080063500403E8040F08047C0805F00807C00807CA
S3150800636000180400600000000000000000000000A3
S31508006370000000000000000000000000000000000F
S315080063800000003FFFFE200002200002200002203D
S3150800639000022000020000000000000000000000CB
S315080063A000000000000000000000080000070000D0
S315080063B000C0000038000006000001C000003000E0
S315080063C0000E0000010000000000000000000000B0
S315080063D0000000000000000000002000022000026B
S315080063E02000022000022000023FFFFE00000000FD
S315080063F0000000000000000000000000000000008F
S315080064000000000000000000000000000008000076
S3150800641010000030000020000030000010000008C6
S31508006420000000000000000000000000000000005E
S31508006430000000000000010000010000010000014A
S315080064400000010000010000010000010000010039
S31508006450000100000100000100000000000000002B
S3150800646000000000000000000000000000200000FE
S3150800647020000010000010000000000000000000CE
S3150800648000000000000000000000000000000000FE
S31508006490000000000000000000F00019F8001B18BA
S315080064A0002208002608002408002410003FF800EF
S315080064B01FF8000008000018000000000000000097
S315080064C00000000000000004000007FFF80FFFF0BE
S315080064D000181800100800200800200800301800CE
S315080064E01FF0000FC00000000000000000000000C0
S315080064F0000000000000000007C0001FF000183070
S31508006500002008002008002008003C08001C100095
S31508006510006000000000000000000000000000000D
S31508006520000000000000000007C0001FF000381837
S3150800653000200800200800200804101007FFF80FA4
S31508006540FFF000001000000000000000000000003E
S31508006550000000000000000000000007C0001FF057
S315080065600012300022180022080022080032080013
S315080065701E10000E200000000000000000000000B1
S31508006580000000000000000020000020080020088D
S3150800659001FFF803FFF8062008042008042008076E
S315080065A020000300000000000000000000000000BA
S315080065B00000000000000000000E000E6E001FF331
S315080065C00031B10020B10020B1003191001F130045
S315080065D02E1E00200E003000000000000000000003
S315080065E00000000000000004000807FFF80FFFF88D
S315080065F0001008002000002000002008003FF800D6
S315080066001FF800000800000000000000000000005D
S31508006610000000000000000000000020080020081C
S31508006620002008063FF8063FF800000800000800AA
S315080066300008000000000000000000000000000044
S315080066400000000000000000000000000300000336
S31508006650002001002001002003063FFE063FFC0043
S31508006660000000000000000000000000000000001C
S315080066700000000000000004000807FFF80FFFF8FC
S31508006680000188000300002FC00038F800203800F9
S3150800669020080000080000000000000000000000BC
S315080066A000000000000000000000040008040008C4
S315080066B004000807FFF80FFFF800000800000800AC
S315080066C000080000000000000000000000000000B4
S315080066D000000000002008003FF8003FF8001008FE
S315080066E0002000003FF8003FF800100800200000D6
S315080066F03FF8003FF8000008000000000000000016
S3150800670000000000000000002008003FF8003FF8E5
S31508006710001008001000002000002008003FF800C4
S315080067201FF800000800000000000000000000003C
S31508006730000000000000000007C0000FF00018303D
S315080067400030080020080020080030080018300033
S315080067500FF00007C0000000000000000000000065
S3150800676000000000000000002001003FFF003FFF7E
S315080067700010110020090020080020080030380009
S315080067801FF0000FC000000000000000000000001D
S31508006790000000000000000007C0001FF0003818C5
S315080067A0002008002008002009001011001FFF0023
S315080067B03FFF00000100000000000000000000008C
S315080067C000000000002008002008002008003FF80C
S315080067D0003FF80008080010080020080020000004
S315080067E0300000300000000000000000000000003B
S315080067F000000000000000000000000C78001E18D1
S315080068000033080023080021080021880021980089
S3150800681030F00038600000000000000000000000B2
S3150800682000000000000000002000002000002000FA
S3150800683000FFF003FFF800200800200800200800E9
S31508006840003000000000000000000000000000000A
S3150800685000000000000000002000003FF0007FF864
S31508006860000018000008000008002010003FF8008B
S315080068707FF000001000000000000000000000008B
S3150800688000000000000000002000003000003C006E
S31508006890003F800023F0000078000070002380008D
S315080068A03C0000300000200000000000000000004E
S315080068B000000000002000003C00003FE00023F834
S315080068C00000E0002700003E00003FE00021F8003D
S315080068D001E0003E0000200000000000000000006B
S315080068E000000000000000002008002008003838DA
S315080068F0003E680027800003C8002CF800383800DE
S315080069002018002008000000000000000000000019
S3150800691000000000000000002000003003003C01D9
S31508006920003F830023EC000070002380003C000039
S315080069302000002000000000000000000000000009
S3150800694000000000000000000000003808002038A1
S315080069500020F80023E8002F88003E0800380800C9
S315080069602018000070000000000000000000000071
S315080069700000000000000000000000000000000009
S315080069800000000008000014001FF7FC3000062075
S3150800699000020000000000000000000000000000E7
S315080069A000000000000000000000000000000000D9
S315080069B0000000000000FFFFFF00000000000000CC
S315080069C000000000000000000000000000000000B9
S315080069D00000000000000000000020000230000651
S315080069E01FF7FC001400000800000000000000006B
S315080069F00000000000000000000000000000000089
S31508006A0000000000000000180000600000400000C0
S31508006A1040000020000010000008000004000004E8
S31508006A2000000C000010000000000000000000003C
S31508006A300000000000000000000000000000000048
S31508006A400000000000000000000000000000000038
S31508006A500000000000000000000000000000000028
S31508006A600000000000000000000000000000000018
S31508006A700000000000000000000000000000000008
S31508006A8000000000000000000000000007F000C041
S31508006A9007FFE1E007F001E0000000C00000000089
S31508006AA000000000000000000000000000000000D8
S31508006AB000000000000000000000000000200000A8
S31508006AC001C00000078000001F0000001E00000033
S31508006AD01C20000001C00000078000001F00000005
S31508006AE01E0000001C00000000000000000000005E
S31508006AF0000000000000000000180C0000180C0040
S31508006B0000180FE0001FFC0003F80C0000180C002A
S31508006B1000180C0000180C0000180C0000180FE0F4
S31508006B20001FFC0003F80C0000180C0000180C00ED
S31508006B3000000000000000000000000000000780C0
S31508006B40007807C000FC0640010E0020030700205D
S31508006B50020380200FFFFFFC0201C0200200E06054
S31508006B600130704001F03F8000F01F000000000077
S31508006B700000000000FE000001FF00000301800085
S31508006B8002008060030181C001FF070000FE1800B3
S31508006B900000E0000003BF00000CFFC00071806029
S31508006BA001C10020030180600000FFC000003F0013
S31508006BB00000000000001F0000007FC000FCC0C0ED
S31508006BC001FF80600303E0200202782002061E20EF
S31508006BD003FC074001F00380000103C000011C60AC
S31508006BE00001E020000100200001004000000180B3
S31508006BF00000000000000000002000001C600000EB
S31508006C001C4000001F8000000F000000000000006C
S31508006C100000000000000000000000000000000066
S31508006C200000000000000000000000000000000056
S31508006C300000000000000000000000000000000046
S31508006C400000000000000000000000000000000036
S31508006C500007F800003FFF00007807C001C000E009
S31508006C6003000030040000080800000410000002B9
S31508006C7000000000000000001000000208000004E8
S31508006C80040000080300003001C000E0007807C0D7
S31508006C90003FFF000007F8000000000000000000A9
S31508006CA000000000000000000000000000000000D6
S31508006CB0000000000000000000000000000C1800A2
S31508006CC0000E3800000E3800000630000003600091
S31508006CD00061438000FFFF800061430000036000FD
S31508006CE000063000000E3800000E3800000C1800B0
S31508006CF00000000000000000000000000000800006
S31508006D000000800000008000000080000000800075
S31508006D1000008000007FFF00000080000000800067
S31508006D200000800000008000000080000000800055
S31508006D30000000000000000000000001000000E361
S31508006D40000000E2000000FC0000007800000000DF
S31508006D500000000000000000000000000000000025
S31508006D600000000000000000000000000000000015
S31508006D700000000000000000000080000000800005
S31508006D8000008000000080000000800000008000F5
S31508006D9000008000000080000000800000008000E5
S31508006DA000008000000080000000800000008000D5
S31508006DB0000000000000000000000000000000C005
S31508006DC0000001E0000001E0000000C00000000033
S31508006DD000000000000000000000000000000000A5
S31508006DE00000000000000000000000000000000095
S31508006DF000000000000000000000000C0000003841
S31508006E00000000E00000038000000E0000003800CB
S31508006E100000E00000038000000E000000380000BB
S31508006E2000E00000038000000E00000018000000CB
S31508006E30000000000000000000000000000FF8003D
S31508006E40007FFF0000F00780018000C0030000609B
S31508006E50020000200200002002000020030000605B
S31508006E60018000C000E00380007FFF00000FF800EB
S31508006E700000000000000000000000000000000004
S31508006E800080002000800020008000200080006034
S31508006E9001FFFFE003FFFFE00000006000000020A4
S31508006EA00000002000000020000000000000000094
S31508006EB0000000000000000000000000007800E06C
S31508006EC00098016001000260020004600200086088
S31508006ED0020010600200206002004060030080602B
S31508006EE00183006001FE00E0007C078000000000CE
S31508006EF000000000000000000000000000F007800D
S31508006F0001F007C001000040020000200201002035
S31508006F100201002002010020030380200186804030
S31508006F2001FCC0C000787F8000001E000000000041
S31508006F300000000000000000000008000000380003
S31508006F40000048000001880000060800000C081030
S31508006F50003008100040081001FFFFF003FFFFF0A3
S31508006F6003FFFFF0000008100000081000000810DA
S31508006F70000000000000000000000000000007807C
S31508006F80001F864003E100200302002003040020BE
S31508006F900304002003040020030400200306004025
S31508006FA0030301C00301FF8003007E000000000008
S31508006FB00000000000000000000000000007FC00C0
S31508006FC0003FFF000070C380008180C0010100609F
S31508006FD00302002002020020020200200202002012
S31508006FE00203004001C180C000C0FF8000007E008F
S31508006FF000000000000000000000000000F0000093
S3150800700003C000000380000003000000030007E03F
S3150800701003003FE00301C000030600000318000058
S315080070200360000003800000030000000000000069
S31508007030000000000000000000001F0000783F80EC
S3150800704000FC60C0018EC0400307802002030020B8
S3150800705002018020020180200201C0200301E040D5
S31508007060018670C000FC3F8000781F000000000009
S315080070700000000000000000003F000000FF81C083
S3150800708001C0C1C0010060200200202002002020AB
S315080070900200202002002060020040C00100C180DA
S315080070A000C18F00007FFE00001FF00000000000F6
S315080070B000000000000000000000000000000000C2
S315080070C0000000000000000000000000000300C0EF
S315080070D0000781E0000781E0000300C0000000000F
S315080070E00000000000000000000000000000000092
S315080070F00000000000000000000000000000000082
S315080071000000000000000000000000000006006605
S3150800711000060078000000000000000000000000E3
S315080071200000000000000000000000000000000051
S3150800713000000000000000000000000000008000C1
S315080071400001C0000003600000063000000C1800B3
S3150800715000180C00003006000060030000C0018023
S31508007160010000400200002004000010000000009A
S3150800717000000000000000000004100000041000D9
S3150800718000041000000410000004100000041000A1
S315080071900004100000041000000410000004100091
S315080071A00004100000041000000410000004100081
S315080071B000000000000000000000000004000010AD
S315080071C0020000200100004000C0018000600300AA
S315080071D00030060000180C00000C180000063000ED
S315080071E0000360000001C0000000800000000000ED
S315080071F00000000000000000000000000078000009
S3150800720001F800000238000002000000040000C077
S31508007210040079E0040081E0040100C004030000D2
S31508007220020200000306000001FC000000F800004E
S315080072300000000000000000000FF800003FFE00FC
S315080072400070078000C000C00101F8400307FC2059
S31508007250021E04200230082002203020023FFC20B3
S31508007260013F044001800CC000E03180001FC200CD
S31508007270000000000000002000000060000003E09D
S3150800728000003E200003E020003E200003E020002E
S315080072900380200007FC2000003FE0000003FE20DA
S315080072A000003FE0000001E0000000200000002090
S315080072B0000000000000000002000020020000207C
S315080072C003FFFFE003FFFFE00201002002010020A8
S315080072D00201002002010020020100200303002011
S315080072E00186806001FCC0C000F87F8000001F0096
S315080072F000000000000000000007F800003FFF0043
S315080073000070078000C000C0010000400300002094
S3150800731002000020020000200200002002000020D7
S3150800732001000040018000C003C001800030060053
S3150800733000000000000000000200002002000020FB
S3150800734003FFFFE003FFFFE0020000200200002029
S315080073500200002002000020030000600100004037
S31508007360018000C000F00780007FFE00000FF800D3
S3150800737000000000000000000200002002000020BB
S3150800738003FFFFE003FFFFE00201002002010020E7
S3150800739002010020020100200201002002038020D1
S315080073A0020FE0200300006003C000E00060030055
S315080073B0000000000000000002000020020000207B
S315080073C003FFFFE003FFFFE00201002002010020A7
S315080073D00201000002010000020100000201000093
S315080073E002038000030FE0000300000003C0000052
S315080073F000600000000000000007F800003FFE00E3
S315080074000070078001C001C0010000400300002091
S3150800741002000020020000200200002001002020B7
S315080074200100204003C03F8000303F80000020005C
S3150800743000002000020000200200002003FFFFE0F9
S3150800744003FFFFE002008020020080200000800089
S3150800745000008000000080000200802002008020DA
S3150800746003FFFFE003FFFFE0020000200200002008
S3150800747000000000000000000000000000000000FE
S315080074800200002002000020020000200200002066
S3150800749003FFFFE003FFFFE00200002002000020D8
S315080074A0020000200200002000000000000000008A
S315080074B000000000000000000000000E0000000FA1
S315080074C00000000F00000001020000010200000198
S315080074D0020000030200000603FFFFFC03FFFFF89B
S315080074E00200000002000000020000000200000086
S315080074F0000000000000000002000020020000203A
S3150800750003FFFFE003FFFFE00200C02002010020A6
S3150800751000078000000FE0000030F80002603E20FF
S3150800752003800F20030003E0020000E002000020B1
S3150800753000000020000000000200002002000020D9
S3150800754003FFFFE003FFFFE0020000200200002027
S31508007550000000200000002000000020000000209D
S315080075600000002000000060000000E000000300AA
S3150800757000000000020000200200002003FFFFE0D8
S3150800758003E0002003FF0020001FF0000001FF8039
S3150800759000000FE000001E000003E000003E00208F
S315080075A003E0002003FFFFE003FFFFE002000020E6
S315080075B002000020020000200200002003FFFFE076
S315080075C00380002003F0002000FC0000001F0000DC
S315080075D00007C0000001F00000007C0002001F80C8
S315080075E0020007E003FFFFE00200000002000000BF
S315080075F00000000000000000000FF800003FFE0039
S3150800760000F00780018000C0010000400200002051
S3150800761002000020020000200200002001000040B5
S31508007620018000C000F00380003FFE00000FF80054
S3150800763000000000000000000200002002000020F8
S3150800764003FFFFE003FFFFE0020080200200802026
S315080076500200800002008000020080000200800014
S31508007660030180000183000000FE0000007C00008A
S315080076700000000000000000000FF800007FFF0077
S3150800768000F00380018001C00100064002000420CA
S315080076900200042002000620020003E0010000F8B0
S315080076A00180005C00E0038C003FFF0C000FFC1813
S315080076B00000000000000000020000200200002078
S315080076C003FFFFE003FFFFE00201002002010020A4
S315080076D0020180000201E0000201FC0003033F8072
S315080076E0018607E001FC00E000F800200000002009
S315080076F000000000000000000000000000780600FE
S3150800770000FE01E0018600C00303004002030020DA
S3150800771002018020020180200201C0200200C02050
S315080077200100E060018070C003E03F8000001F0098
S315080077300000000000000000006000000380000058
S3150800774003000000020000000200002002000020E2
S3150800775003FFFFE003FFFFE0020000200200002015
S3150800776002000000020000000380000000E00000A4
S3150800777000000000020000000200000003FFFF00F6
S3150800778003FFFFC002000040020000600000002066
S315080077900000002000000020000000200200004039
S315080077A00200008003FFFF00020000000200000044
S315080077B000000000000000000200000002000000B7
S315080077C003C0000003FC0000023FC0000003F800ED
S315080077D000007F80000007E00000078000007800B6
S315080077E00203C000023C000003C0000002000000C3
S315080077F0020000000200000003C0000003FF800032
S31508007800023FFE0002007FE000000F000200F000C9
S3150800781003EF000003FF8000020FFE0000003FE0B8
S3150800782000001F000207E00003F800000300000044
S3150800783002000000000000000200002002000020F4
S31508007840038000E003F0032002FC0C20021F300036
S315080078500007C0000007F00002187C0002601F2025
S31508007860038003E0020000E0020000200000002080
S3150800787000000000000000000200000003000000F5
S3150800788003C0000003F80000023E0020020FC020DB
S315080078900001FFE000007FE000038020021C0020BA
S315080078A002700000038000000200000002000000D1
S315080078B0000000000000000000000020006000E05A
S315080078C0038003E003000FA002003E200200F82018
S315080078D00203E020020F8020023E002002780020EA
S315080078E003E00060038000E00200030000000000DF
S315080078F0000000000000000000000000000000007A
S315080079000000000000000000000000001FFFFFFC50
S315080079101000000410000004100000041000000409
S31508007920100000041000000410000004000000000D
S315080079300000000000000000000000000000000039
S315080079400700000003C0000000780000001E0000C9
S315080079500003C0000000F00000001E0000000780C1
S31508007960000000F00000003C0000000600000000D7
S3150800797000000000000000000000000010000004E5
S315080079801000000410000004100000041000000499
S3150800799010000004100000041FFFFFFC0000000098
S315080079A000000000000000000000000000000000C9
S315080079B000000000000000000000000000000000B9
S315080079C0000000000200000004000000080000009B
S315080079D01800000010000000180000001800000041
S315080079E00400000002000000000000000000000083
S315080079F00000000000000001000000010000000176
S31508007A000000000100000001000000010000000164
S31508007A100000000100000001000000010000000154
S31508007A200000000100000001000000010000000144
S31508007A300000000100000000000000000000000037
S31508007A4010000000100000001000000018000000E0
S31508007A50080000000400000000000000000000000C
S31508007A600000000000000000000000000000000008
S31508007A7000000000000000000000038000018FC025
S31508007A8000038C6000061820000410200004102053
S31508007A900004202000042040000620400003FFC008
S31508007AA00001FFE00000002000000020000000C0E8
S31508007AB000000000000000000200000002000000B4
S31508007AC003FFFFE007FFFFC0000180C0000200605F
S31508007AD0000200200004002000040020000400200A
S31508007AE000060040000300C00001FF800000FE0001
S31508007AF000000000000000000000000000007E00FA
S31508007B000001FF80000381C000020040000600203B
S31508007B1000040020000400200004002000060020C5
S31508007B200003C0400001C080000003000000000000
S31508007B3000000000000000000000000000007E00B9
S31508007B400001FF80000380C00006006000040020DA
S31508007B500004002000040020020400400202008005
S31508007B6003FFFFE007FFFFC00000004000000040E1
S31508007B7000000000000000000000000000007E0079
S31508007B800001FF80000311C00002104000041060CD
S31508007B900004102000041020000410200006102005
S31508007BA0000310400001F0C0000071000000000052
S31508007BB000000000000000000000000000040000B3
S31508007BC0000400200004002000040020007FFFE0DD
S31508007BD001FFFFE001040020030400200204002046
S31508007BE002040020020400000200000001C0000098
S31508007BF001C0000000000000000000000000001C9A
S31508007C000000E33E0003FFC200020CC3000404C1E7
S31508007C10000404C1000404C1000404C100060CC128
S31508007C200003F8C30005F0620006007E0006003C6B
S31508007C3000000000000000000200002002000020F2
S31508007C4003FFFFE007FFFFE000010020000200201D
S31508007C5000060000000400000004000000040020E4
S31508007C60000600200003FFE00001FFE000000020FE
S31508007C7000000020000000000000000000000000D6
S31508007C800004002000040020000400200004002056
S31508007C900387FFE0038FFFE0038000200000002039
S31508007CA00000002000000020000000000000000086
S31508007CB000000000000000000000000000000000B6
S31508007CC00000000600000007000000010000000197
S31508007CD0000400010004000100040003000400067B
S31508007CE00387FFFC038FFFF80380000000000000F5
S31508007CF00000000000000000020000200200002032
S31508007D0003FFFFE007FFFFE0000008200000102047
S31508007D10000030000000FC0000058E00000707A0E8
S31508007D20000601E0000400E0000400200000002036
S31508007D300000000000000000000000000000000035
S31508007D40020000200200002002000020020000209D
S31508007D5003FFFFE007FFFFE000000020000000200F
S31508007D6000000020000000200000000000000000C5
S31508007D700000000000000000000400200007FFE0EB
S31508007D80000FFFE0000200200004000000040020AD
S31508007D900007FFE00003FFE00002002000040000E7
S31508007DA0000400200007FFE00003FFE000000020B9
S31508007DB0000000000000000000040020000400206D
S31508007DC00007FFE0000FFFE000010020000200208E
S31508007DD00002000000040000000400000004002067
S31508007DE0000600200003FFE00001FFE0000000207D
S31508007DF000000020000000000000000000007E00D7
S31508007E000000FF80000381C0000200400006002039
S31508007E1000040020000400200004002000060020C2
S31508007E2000020040000381C00001FF8000007E00C0
S31508007E30000000000000000000040001000400012A
S31508007E400007FFFF000FFFFF000100C1000200410D
S31508007E500004002000040020000400200004002084
S31508007E6000060040000301C00001FF8000007E00FC
S31508007E7000000000000000000000000000007E0076
S31508007E800001FF80000380C000020060000400209B
S31508007E900004002000040020000400200002004125
S31508007EA0000300C10003FFFF0007FFFF00000001F9
S31508007EB0000000010000000000040020000400206B
S31508007EC00004002000040020000FFFE0000FFFE080
S31508007ED00000C0200001002000020020000600204B
S31508007EE00004000000040000000700000003000072
S31508007EF0000000000000000000000000000003E091
S31508007F000001C0E00003E0400006302000043020F5
S31508007F1000041820000418200004182000040C206F
S31508007F2000020C60000307C0000783800000000001
S31508007F30000000000000000000000000000400002F
S31508007F400004000000040000000C0000001FFF8071
S31508007F5000FFFFC0000400600004002000040020A9
S31508007F60000400200004004000000180000000001A
S31508007F7000000000000000000004000000040000EB
S31508007F800007FF80000FFFC000000060000000200F
S31508007F90000000200000002000000020000400402F
S31508007FA0000400800007FFE0000FFFC0000000404B
S31508007FB0000000400000000000040000000400006B
S31508007FC0000780000007F0000004FE0000041FC040
S31508007FD0000003E00000038000001C0000046000AD
S31508007FE000078000000600000004000000000000F2
S31508007FF00000000000040000000600000007C000A2
S315080080000007FC0000043F80000003E000040F8026
S315080080100006F0000007F0000007FF8000040FE0EC
S315080080200000038000043C000007C00000060000B2
S3150800803000040000000000000000002000040020EA
S3150800804000040060000700E0000783200007E60040
S315080080500004F80000003C0000045E20000587A02C
S31508008060000601E000040060000400200000002073
S3150800807000000000000000000004000000040003E7
S31508008080000700030007E0010004F80100041F02CE
S31508008090000007FC000000E00000070000043800AC
S315080080A00007C000000600000004000000040000ED
S315080080B000000000000000000000000000078060CB
S315080080C0000600E0000403E0000407A000040E20F8
S315080080D000043C20000470200005E02000078020F2
S315080080E000070060000400E00000038000000000B4
S315080080F00000000000000000000000000000000072
S315080081000000000000000000000000000000000061
S3150800811000008000000080000001400007FE3FF8D4
S315080081200800000410000002100000020000000011
S315080081300000000000000000000000000000000031
S315080081400000000000000000000000000000000021
S3150800815000000000FFFFFFFF000000000000000015
S315080081600000000000000000000000000000000001
S3150800817000000000000000000000000010000002DF
S31508008180100000020800000407FE3FF80001400046
S3150800819000008000000080000000000000000000D1
S315080081A000000000000000000000000000000000C1
S315080081B00000000000000000180000003000000069
S315080081C040000000400000004000000020000000C1
S315080081D03000000008000000040000000200000053
S315080081E002000000020000000C0000001800000059
S315080081F000000000E4BDA00003061FF3C0810204CE
S3150800820018E6C90908101E1C0000FF80000E1C0095
S31508008210000081FF00001018E5A5BD0001033FE23C
S31508008220820F0C004040494D4FB1E1C102C62C18DF
S3150800823078CC868080810001FFFE0000E4B89600B5
S3150800824001011F1F0101E17F02020203FF820206EC
S315080082508000FFFF010101F9111111F393030301D6
S31508008260E7958C000080F08CA5A7FCE42A4B05183E
S31508008270F0C00000181020C1BE300000007FA0C06A
S3150800828060602030EFBC810000000000000000FFA5
S31508008290FFF000000000000000000000000000C31E
S315080082A0E303000000000000EFBC8C0000000000A3
S315080082B0000002070703000000000000000000009D
S315080082C000000020C000000000000000E3808200DB
S315080082D00000000000010302020301000000000084
S315080082E00000000000C060202060C0000000000000
S315080082F0E5BCA0004484F8E8800000FF8205093147
S31508008300E1C3020040417F40808081FF8182603066
S31508008310180C0602E5BAAD000000003F32222726F7
S31508008320244040444748C800061CE000094EDC7457
S315080083300A4B4949F8888898E58D8E000408107F0D
S31508008340CF000404FCD33121C1C1830F0808109063
S31508008350101010FFFF10103030202020E699BA00C8
S31508008360709011133EF41412131110FF0202020248
S31508008370408080007F484848C84848C848487F40E9
S31508008380E7A791000809FFFF0808080000436120D5
S315080083900000FF0060C0FFFF80C064080808E810FE
S315080083A01010FF10E78FAD000404FF040404010F4A
S315080083B000FF00010101FF010404F8081010C102C2
S315080083C01CE000000000FF00E5B58C00FF4A4242B1
S315080083D0425F4AC24240475E4242E2E2FF21212111
S315080083E021FF00006081037CE01C03C1E585A50030
S315080083F000000000000087FC3807000000000000AD
S315080084000103061830C080000000E0301C06030196
S31508008410E5BC8F00212121212121212120F8FF20DF
S315080084202020A0E0000001FF010202020200E0781D
S315080084300E030100E7B3BB0000080C141C2949CA47
S315080084408A8C0C0810310000406162A6DC4040406E
S315080084507F7F4048484486E3E7BB9F00698B0E0848
S31508008460302081838599E1E282838A86A242444448
S315080084704400000003FE800000FF0000E8AEBE00D6
S3150800848004C7C40102040DF1C101010101FD07057C
S3150800849000FF010204080080601907060D71E0005C
S315080084A0E8AEA100040407C400020202020202FFA9
S315080084B0FF0202020000FF0103040800000000FF9B
S315080084C0FF000000E4B88E0000000007FF2121210C
S315080084D02121212121212121080808080808080846
S315080084E00808080818080003E5BC80000101010116
S315080084F001FF010101010101FF0101010000010362
S315080085001CF0000000000000FF000000E58F91004D
S31508008510F090101017FF91111111111111D1D110EE
S3150800852001061C70C000C0211906061B31E1800037
S3150800853000000000FF808080808080968180808097
S31508008540808080FFFF01010131090909098971014C
S31508008550010101FF000000004C5555555555A53F32
S315080085607751C1166CC156BF9015CB19A001FA3EBA
S31508008570AD529C804F7E92BEC4B1B4BD9EEE213EE4
S31508008580D43888BEE9FAA8BD00004054FB21F93F5B
S315080085903163621A61B4D03D0000601A61B4D03DFF
S315080085A07370032E8A19A33B0000002E8A19A33B79
S315080085B0C14920259A837B3900000000000000008D
S315080085C06E83F9A22915444ED15727FCC0DD34F530
S315080085D0999562DB4190433CAB6351FE61C5BBDEB6
S315080085E03A6E24B7E0D24D42EA2E49061C92D109CA
S315080085F01CEB1DFE3EA729B1F53582E88444BB2E47
S3150800860026709CE9417E5FB439D69139F439538393
S315080086108B5F849C3B28F9BDFF97F81F0F9805DEF2
S315080086208B112FEF1F6D0A5ACF7E366DB709CB27F0
S31508008630663F464F2DEA5F9EC7BA27757BF1E5EB85
S31508008640F739073DEA92528AB15FFB6B085D8D1FC9
S31508008650A6F810111111813FD561C119A0012ABFD1
S315080086607DFEB157E31DC73EEB9C2B8AE6E55ABE55
S315080086707CD5CF5A3AD9E53D9886000800000020F7
S31508008680A8000000A835000840870008A8000020B8
S31508008690000B0000B835000800093D000000000086
S315080086A000000000000000000000000000000000BC
S315080086B000000000000000000000000000000000AC
S315080086C0000000000000000000000000000000009C
S315080086D0000000000000000000000000000000008C
S315080086E0000000000100000010000000000000006B
S315080086F000000000000000000000000000008000EC
S31508008700A000000000000000FFFF00000000004875
S315080087104000000000000048001000000008004863
S315080087200002000000080048100000000008004889
S3150800873020000000000000480001000000000000C2
S7050800018D64
